Sent,Recv
113,128
111,179
114,179
114,179
109,179
110,179
113,64
112,83
113,83
111,0
114,8
114,8
113,64
115,0
114,128
111,183
114,0
111,6
115,6
113,6
113,139
112,24
115,166
113,166
112,166
112,88
114,88
114,88
114,88
114,192
117,0
112,11
112,11
112,11
115,11
116,64
113,103
112,103
112,103
115,103
115,103
115,103
112,103
114,192
114,241
114,241
115,241
114,241
115,0
114,12
114,192
115,242
111,242
113,242
113,242
113,242
114,64
117,99
113,128
117,126
112,126
115,157
116,157
117,64
118,192
119,128
117,0
117,44
121,44
119,0
118,64
119,192
121,200
124,0
125,64
127,192
126,0
128,6
130,192
129,209
132,209
131,209
133,209
133,0
133,8
137,8
136,8
137,8
138,64
138,124
139,124
137,124
137,124
137,124
133,232
133,64
133,192
133,216
134,216
131,128
131,129
133,250
129,250
130,250
125,250
126,250
123,250
123,115
125,115
119,115
122,115
121,115
119,115
117,115
119,115
117,115
118,115
117,115
120,192
116,252
115,64
117,90
117,90
119,90
118,90
117,90
119,90
113,10
114,10
114,10
115,0
113,4
117,192
115,252
113,8
114,8
116,8
117,8
119,64
121,192
116,238
114,238
112,238
116,238
114,0
115,64
115,92
116,128
118,139
116,139
116,139
114,0
113,10
115,10
116,128
119,179
116,64
118,104
115,104
114,104
114,128
115,184
120,220
114,64
118,192
114,210
117,210
116,39
114,192
113,243
111,243
111,243
107,243
104,243
102,243
103,243
107,243
107,243
112,243
122,192
138,200
154,200
175,133
203,128
228,128
233,140
233,192
233,255
233,192
233,213
233,213
233,64
233,115
233,115
233,115
233,115
228,192
198,255
171,243
145,243
123,243
105,0
87,64
76,70
62,163
60,0
55,0
54,48
57,0
61,0
68,128
69,143
77,143
82,2
87,2
95,86
99,86
105,86
105,86
107,86
111,86
113,86
115,64
114,64
117,113
118,113
123,113
122,113
117,64
118,116
116,116
118,116
120,116
122,64
119,64
119,118
116,64
120,115
119,64
120,118
120,118
122,118
119,118
120,118
127,64
121,64
122,64
128,121
131,128
124,64
126,124
128,124
131,124
127,124
129,124
132,124
132,124
131,124
132,124
131,124
134,192
135,225
137,225
136,225
139,64
141,64
141,68
142,68
143,0
144,19
144,192
147,224
148,176
153,176
153,176
153,176
152,176
152,128
158,230
158,64
159,107
157,107
163,226
164,128
162,157
164,157
167,157
168,192
169,248
170,0
171,36
173,36
177,36
170,36
176,192
178,246
179,246
178,128
177,157
181,157
185,201
179,201
185,201
183,128
184,128
182,183
184,183
187,183
186,183
189,183
188,183
186,183
188,183
186,183
186,128
184,185
184,185
182,185
185,185
180,185
183,128
181,182
182,182
181,182
182,128
179,128
173,179
175,179
172,179
172,179
175,128
172,128
168,128
166,167
167,167
163,167
163,167
164,167
164,167
161,0
155,16
158,129
156,246
156,246
157,28
148,28
150,64
151,72
145,192
150,211
147,211
146,211
142,211
144,211
143,211
141,211
139,211
138,0
135,16
136,16
135,16
135,16
135,192
130,211
131,211
134,211
129,211
128,128
129,159
130,42
127,42
129,251
128,251
127,251
126,192
129,195
124,14
120,14
127,245
122,245
123,245
125,192
119,0
119,5
118,5
120,5
122,5
122,5
121,5
118,5
116,5
120,5
119,5
121,64
121,121
120,64
121,120
120,120
120,120
118,119
119,119
119,119
120,119
118,64
120,64
118,120
118,64
120,118
115,118
116,118
116,118
114,118
117,64
120,116
118,116
119,116
120,116
121,116
118,64
121,192
118,202
117,202
117,12
115,105
117,105
118,0
120,128
121,188
116,188
119,188
116,97
119,128
118,147
115,147
120,117
117,117
117,117
116,117
117,117
119,0
118,11
119,11
119,11
121,11
117,128
115,192
120,213
117,213
120,213
119,214
118,136
119,136
122,192
122,226
118,226
118,226
120,226
116,226
119,34
118,163
119,216
116,216
115,192
114,207
116,207
117,207
117,207
122,64
120,120
116,120
119,64
117,119
117,64
118,64
119,116
117,116
120,116
116,116
118,64
123,117
118,117
121,117
118,64
119,118
118,64
117,64
116,116
119,116
116,64
119,64
120,119
118,119
117,119
119,119
117,119
119,119
114,119
117,119
114,119
115,119
120,119
119,192
116,198
115,0
112,12
116,12
122,12
118,12
116,12
118,12
114,242
117,242
118,242
117,128
119,0
118,64
119,110
116,0
119,64
120,78
115,78
116,78
120,12
117,12
120,12
116,12
120,128
117,130
118,130
120,12
116,96
115,96
116,96
118,64
114,103
118,103
116,0
119,62
112,192
116,209
114,64
115,95
117,95
117,95
117,95
117,192
117,220
115,220
118,220
118,220
118,220
118,220
118,220
121,231
117,231
117,116
116,116
115,64
115,114
116,114
118,114
119,64
119,119
117,119
121,119
121,119
120,119
120,119
123,119
123,119
120,119
124,119
125,64
124,64
127,123
125,123
131,123
132,123
130,123
133,123
128,123
132,123
135,128
134,134
138,134
141,137
136,128
137,135
139,135
142,135
137,135
140,135
142,135
135,135
136,135
137,192
136,251
137,251
135,251
130,251
134,251
131,251
133,251
128,251
127,64
128,79
128,196
126,196
121,15
124,15
120,15
122,15
118,15
121,15
118,15
116,15
120,15
118,0
116,64
120,96
116,96
117,96
117,96
115,96
117,96
115,96
115,96
118,0
114,49
111,128
119,183
120,0
115,9
112,9
115,9
115,9
115,9
113,9
116,9
116,9
112,9
117,9
119,64
115,97
114,97
115,97
116,97
112,97
115,97
114,97
119,97
115,97
118,97
113,64
116,112
116,112
113,112
115,64
117,64
114,64
112,113
115,64
113,115
114,64
114,113
111,64
111,110
114,110
112,110
107,110
112,110
109,110
105,110
102,110
104,110
102,110
106,110
105,64
111,84
119,128
135,148
152,128
176,162
197,162
225,162
233,192
233,255
233,255
233,192
233,228
233,255
233,100
233,100
233,100
233,100
233,100
220,100
194,100
166,128
142,129
121,192
99,218
82,218
71,218
65,218
55,218
52,218
55,218
55,218
60,0
63,27
69,128
71,147
79,0
84,128
87,166
91,166
100,166
101,166
103,0
107,2
111,192
106,199
109,164
111,64
116,99
114,244
116,244
112,244
113,244
116,244
115,244
116,244
115,0
116,49
116,49
118,64
118,64
114,118
113,64
119,112
120,112
116,112
115,64
119,114
121,114
123,64
121,64
120,120
120,120
122,120
122,64
121,121
128,121
128,121
127,121
124,121
128,128
129,128
129,128
132,128
131,131
133,131
133,131
134,132
131,128
135,131
135,131
135,134
142,134
143,134
144,121
143,192
146,192
145,192
147,139
145,139
150,64
150,192
149,192
153,206
154,206
159,206
158,0
158,17
160,17
161,234
162,234
161,234
164,234
164,255
164,255
169,126
170,126
167,231
171,231
174,192
175,255
176,255
174,255
173,244
174,244
177,128
178,172
180,172
180,172
178,192
176,248
178,225
179,225
178,225
177,0
179,48
177,192
177,248
178,0
176,128
177,176
176,176
173,32
174,192
177,254
171,241
168,169
168,169
170,169
169,169
168,169
169,167
161,167
165,167
166,167
160,165
160,165
158,165
156,128
156,156
158,156
158,157
152,157
155,157
150,157
152,149
147,128
146,128
145,145
149,128
143,128
139,142
141,142
137,128
136,128
137,135
134,136
134,136
132,133
132,133
131,0
125,9
129,9
125,9
123,9
125,64
124,114
122,114
124,114
119,114
120,114
119,0
120,8
120,109
116,109
119,109
117,192
113,199
112,199
116,64
115,105
115,105
114,105
115,105
116,105
111,105
111,105
111,105
113,105
115,105
111,128
107,192
108,228
110,64
110,192
110,195
111,0
110,8
113,8
109,240
109,240
111,240
107,192
111,0
110,9
110,9
113,9
109,9
114,9
109,9
107,9
110,64
107,109
108,109
110,64
110,109
108,109
111,64
111,110
112,110
110,110
112,110
105,110
108,110
107,110
109,110
108,110
109,110
112,64
109,111
110,111
108,111
109,111
109,64
110,108
111,108
112,108
109,108
110,64
106,109
108,109
110,109
110,64
109,109
110,109
109,109
111,109
109,109
108,64
109,108
103,108
109,108
101,108
105,108
109,108
109,128
106,182
107,182
111,182
107,182
113,182
108,182
109,187
111,187
108,187
106,192
108,249
108,64
106,66
108,66
107,66
110,64
108,192
108,230
108,0
108,48
109,138
106,138
106,138
110,138
107,138
105,0
109,55
109,55
105,55
108,55
109,55
109,0
109,10
105,84
108,84
107,84
107,84
109,84
111,84
111,84
110,84
108,84
108,0
109,64
108,95
108,0
109,3
108,64
106,64
107,64
109,107
108,107
108,64
109,107
107,107
109,64
108,108
105,108
110,64
107,109
104,64
105,103
106,103
108,64
107,108
107,108
109,108
108,108
108,108
108,64
109,107
103,107
107,107
103,107
107,64
107,64
109,106
110,64
108,109
106,64
108,105
106,105
107,105
109,105
106,105
109,64
109,96
105,0
109,24
109,24
107,24
106,24
106,7
106,7
108,180
105,0
108,7
105,7
107,238
108,64
112,83
105,191
110,160
108,11
109,192
108,247
109,64
108,86
111,86
108,0
111,7
108,99
110,99
109,99
112,99
115,192
112,0
113,64
112,94
115,94
113,94
115,94
119,192
122,250
126,250
120,250
125,250
124,250
124,15
127,192
127,247
128,21
127,192
126,192
126,210
131,13
129,13
129,13
130,13
131,13
130,13
127,13
130,128
130,130
127,130
127,126
127,64
126,126
124,126
122,126
121,126
117,126
119,64
114,118
114,118
117,118
116,118
116,118
112,118
109,118
111,118
111,64
110,110
112,64
108,111
109,111
106,64
109,105
108,105
106,105
107,105
107,105
107,105
111,105
107,105
107,105
103,0
105,64
106,79
106,128
109,167
106,167
109,167
107,64
107,108
107,108
107,108
110,0
102,9
103,9
106,128
107,144
108,21
108,192
106,0
109,9
109,9
107,128
109,148
107,148
106,148
108,148
107,148
107,148
110,148
102,148
104,148
104,148
106,148
106,148
104,148
105,192
105,196
111,8
109,192
104,195
103,0
100,128
97,164
98,225
95,225
95,128
91,175
93,175
97,64
103,96
113,96
123,64
145,123
164,123
192,123
218,123
233,123
233,192
233,192
233,231
233,231
233,231
233,232
233,232
233,192
233,192
233,232
215,232
187,128
164,186
133,128
110,132
92,109
78,109
64,0
54,63
49,0
46,48
45,45
53,44
52,44
58,44
60,0
67,0
71,128
73,151
81,151
85,64
88,72
93,0
101,6
101,6
105,172
105,0
107,5
105,5
108,0
109,64
107,128
110,175
110,175
108,14
107,96
107,96
110,96
111,96
109,128
110,189
112,64
112,97
114,97
114,97
110,97
116,97
112,97
115,64
114,105
113,105
111,64
115,92
113,92
118,92
120,92
116,92
119,0
118,31
119,192
122,0
121,9
126,103
122,103
126,103
125,103
128,103
126,103
128,128
129,127
129,128
133,128
134,128
135,133
138,128
139,138
137,128
140,136
139,136
142,128
142,142
148,142
146,142
147,128
151,128
146,150
147,128
154,128
154,153
156,153
154,153
158,153
163,157
162,157
162,128
162,161
163,161
161,161
167,161
169,128
165,168
168,168
168,168
169,168
172,168
168,168
174,168
175,168
173,168
170,168
173,168
177,168
170,168
175,64
173,98
177,98
174,98
176,98
176,98
178,98
174,98
174,98
170,192
175,229
170,229
170,229
170,229
167,192
169,192
170,52
167,52
163,52
164,128
165,192
159,238
159,218
162,218
159,218
158,64
160,92
156,192
155,220
157,228
150,29
148,192
149,248
148,248
144,81
142,192
147,238
142,238
139,192
141,215
138,215
136,128
136,174
132,174
134,174
136,174
132,174
129,174
128,174
127,174
126,174
125,174
127,64
121,64
125,64
122,124
122,64
119,121
123,121
122,64
121,121
115,64
119,114
118,114
114,114
116,114
116,114
116,114
115,64
115,115
117,115
116,115
108,115
113,115
113,64
109,64
113,108
115,192
110,234
113,64
110,128
110,176
114,0
110,11
112,122
107,122
115,122
112,122
110,122
112,122
108,122
113,192
110,233
110,233
110,233
109,128
112,158
111,158
112,158
110,158
111,64
110,79
115,79
107,79
113,12
113,192
109,241
115,64
112,128
112,186
110,186
110,186
110,186
111,186
113,186
111,186
109,186
112,186
112,186
112,192
112,0
110,10
109,128
109,179
107,179
111,64
110,99
110,0
105,8
108,8
113,8
109,0
111,41
108,41
114,64
111,64
111,110
115,110
114,110
110,110
110,64
110,64
112,109
111,109
110,64
114,110
111,110
116,110
111,110
115,110
112,64
113,112
110,112
110,64
112,110
113,110
111,64
109,64
109,108
109,108
108,108
112,108
114,108
111,108
107,108
111,108
111,108
116,64
109,115
111,115
115,115
113,64
113,100
112,100
112,100
113,100
110,100
114,100
109,100
112,100
112,100
111,100
112,100
111,100
110,100
111,100
110,100
113,128
110,175
113,64
110,99
111,99
111,0
115,44
113,44
112,44
113,64
108,128
112,64
116,115
113,115
113,167
113,167
114,167
109,128
109,181
113,181
111,181
115,128
112,172
109,172
110,172
107,172
112,172
112,128
112,175
115,175
115,175
112,192
109,0
114,64
114,128
113,184
115,64
111,114
117,114
111,114
114,114
110,64
111,109
116,109
113,64
115,64
114,64
113,64
116,112
113,112
110,112
112,112
114,112
114,112
110,112
112,112
113,112
113,64
111,64
113,110
113,110
116,110
116,110
114,110
114,110
115,110
114,110
114,110
115,110
116,110
115,110
118,110
120,64
116,102
120,128
121,150
123,150
123,192
121,239
123,64
126,94
129,94
124,0
130,19
133,19
132,19
134,19
132,102
134,102
132,0
132,13
138,13
135,0
136,64
135,192
135,128
137,186
135,186
137,186
137,186
136,186
135,186
136,186
130,186
131,186
132,192
132,212
125,212
126,128
128,185
126,185
124,64
122,112
121,112
122,40
120,40
120,40
119,40
117,15
119,15
123,15
114,15
117,128
115,145
117,145
116,145
117,145
118,145
116,159
118,64
111,192
118,248
116,248
117,115
113,115
114,115
116,115
115,115
116,115
117,64
112,116
117,116
115,64
115,114
113,114
116,64
111,115
117,115
113,115
116,115
115,115
118,64
115,117
114,64
115,113
118,113
117,113
115,64
115,114
113,114
116,64
112,115
117,115
116,115
120,64
114,108
116,0
119,41
118,128
114,151
116,151
115,64
115,128
112,128
111,0
107,64
108,103
107,103
103,103
100,103
105,103
107,0
110,64
121,93
132,93
151,93
174,93
203,93
226,93
233,93
233,192
233,255
233,255
233,255
233,192
233,128
233,140
233,191
233,191
233,191
226,116
203,192
167,255
145,164
120,164
102,164
87,220
70,220
66,220
63,220
56,220
57,220
60,51
61,51
65,51
67,51
78,51
82,0
86,64
93,68
97,68
101,128
107,64
106,98
113,64
110,112
113,112
119,112
118,112
117,64
116,116
117,64
118,116
119,116
119,116
119,116
119,64
117,118
119,118
122,64
118,121
120,64
119,120
121,120
121,120
125,64
123,124
120,124
124,124
122,124
123,124
125,124
124,124
127,124
125,64
126,124
126,124
127,124
131,124
131,124
134,124
136,124
130,124
133,0
132,17
134,17
135,17
135,195
136,64
139,126
138,126
143,126
141,126
149,192
144,249
147,64
145,192
152,214
152,214
152,214
150,214
155,214
154,214
160,134
160,134
160,134
156,134
161,134
165,0
168,128
169,165
165,165
170,128
172,152
168,0
173,54
174,192
174,242
173,0
176,192
177,192
179,246
179,160
180,172
181,172
183,172
182,192
182,254
184,128
180,139
185,139
185,139
185,139
187,139
181,255
181,138
186,138
185,138
185,138
183,138
185,138
185,138
184,138
182,138
178,181
182,181
182,128
180,182
177,182
179,182
178,182
178,182
173,182
173,128
173,128
171,172
167,172
169,128
168,128
166,167
165,167
162,128
164,161
159,161
158,161
158,161
158,161
152,161
151,128
148,128
151,128
147,150
148,150
148,150
145,64
145,77
143,192
144,0
142,17
139,127
139,128
140,157
138,128
133,192
136,247
132,247
136,247
134,128
132,182
131,182
130,182
131,182
128,182
128,182
129,182
126,182
125,182
123,192
123,195
121,195
126,195
127,195
126,195
120,195
124,104
125,128
121,164
122,164
118,164
122,0
119,13
121,13
118,13
121,174
122,174
119,174
118,174
116,17
119,17
118,192
116,196
120,64
118,128
117,186
118,0
121,32
120,32
119,32
120,118
116,118
119,118
119,118
118,118
119,118
117,64
119,64
120,119
113,119
121,119
113,119
117,119
120,64
118,64
116,64
116,115
120,64
115,120
120,120
118,120
116,64
117,115
116,115
120,115
120,64
115,119
117,96
117,116
121,128
116,180
121,180
118,180
116,192
117,0
117,11
116,192
118,192
116,0
114,17
117,122
115,122
117,122
116,122
116,122
122,122
118,16
119,16
115,240
117,11
119,11
116,188
120,156
116,156
118,192
117,243
118,64
117,86
118,86
118,153
117,153
119,153
118,0
118,15
117,192
120,227
118,13
117,13
118,13
121,13
115,13
119,13
114,13
118,10
121,10
119,10
118,10
117,10
118,192
117,228
116,228
117,65
118,65
116,65
116,65
115,65
119,114
119,64
118,118
120,118
118,64
119,117
118,117
118,117
117,64
122,64
117,121
116,64
119,115
118,115
115,115
120,115
117,115
116,115
120,115
119,115
115,115
121,115
119,115
118,115
121,115
118,115
117,128
116,192
119,225
118,18
118,128
116,64
118,64
117,76
115,76
115,76
119,64
112,106
118,106
116,106
120,106
116,192
119,245
117,245
118,192
119,193
116,165
119,165
115,165
118,165
119,165
119,165
121,165
116,165
115,64
115,192
118,0
118,13
117,13
115,13
119,13
115,13
120,13
123,13
118,13
119,13
117,13
114,169
117,169
116,169
115,169
122,169
119,169
120,172
119,172
120,172
122,172
121,188
123,188
122,188
123,188
121,188
121,188
125,188
127,188
125,188
129,188
130,128
127,129
131,126
134,130
135,130
133,128
137,132
139,132
139,128
138,139
138,139
138,139
140,139
140,139
141,139
139,128
140,139
138,139
139,139
139,139
135,128
132,135
137,131
134,136
129,136
129,136
131,240
128,240
126,240
129,240
123,171
123,171
124,171
123,0
123,15
123,15
121,15
121,15
119,15
119,192
118,219
118,219
119,128
118,182
117,182
115,96
117,111
116,111
117,64
120,93
115,184
117,0
118,14
116,14
120,14
115,64
116,128
114,172
115,172
116,172
117,172
116,193
118,78
115,78
115,78
121,78
116,17
114,17
114,17
114,17
117,128
115,186
116,186
115,186
117,186
114,0
113,4
116,4
116,4
116,4
114,14
116,14
114,115
114,64
113,64
118,112
116,112
116,64
117,115
120,64
111,120
112,120
111,120
109,120
107,64
106,107
102,107
103,64
102,64
103,102
106,64
112,105
119,64
138,118
152,128
170,152
197,169
222,169
233,169
233,169
233,169
233,169
233,169
233,169
233,169
233,64
233,104
233,104
233,104
224,104
196,104
168,104
141,104
119,104
100,128
84,128
73,0
65,3
57,3
53,0
55,7
57,64
58,111
65,111
70,111
76,111
83,64
83,98
90,98
95,192
99,229
101,64
103,82
108,128
108,150
111,64
111,100
111,100
114,100
114,128
116,164
119,164
116,164
116,164
113,128
113,140
119,64
114,127
114,127
117,127
117,127
115,128
117,165
120,64
116,108
116,108
121,108
120,128
118,192
117,198
119,198
121,128
124,191
120,191
123,191
125,191
119,64
127,118
123,118
127,118
127,118
130,118
130,118
125,118
129,118
132,118
132,118
134,128
136,134
137,134
136,134
134,135
138,132
141,137
139,137
144,137
146,137
145,128
141,128
145,140
153,140
149,152
148,148
155,148
154,128
158,153
158,128
159,128
160,158
162,188
167,128
165,192
162,252
167,252
169,133
170,192
168,231
173,231
173,192
177,252
172,252
173,118
174,118
174,118
174,118
171,118
176,118
178,0
177,128
182,170
179,64
181,84
179,84
180,84
179,64
181,66
179,66
179,66
178,128
177,192
178,241
181,241
175,241
176,241
177,241
176,241
173,241
167,241
172,222
165,128
171,159
168,159
168,65
163,65
161,192
163,238
161,238
159,238
159,255
162,255
157,113
156,113
155,0
155,23
150,154
145,154
147,154
148,154
143,154
143,154
141,154
144,154
141,154
140,154
138,128
136,128
135,135
131,134
128,134
132,134
131,131
132,131
131,131
130,130
124,64
125,123
125,64
129,124
126,124
124,124
121,124
119,124
122,124
117,128
118,161
118,161
121,161
116,0
112,7
117,97
114,128
115,162
115,64
114,110
116,0
111,7
112,91
114,91
112,91
110,91
114,192
114,235
112,30
108,30
113,30
108,176
112,64
109,103
109,0
110,7
110,128
109,174
112,174
110,174
112,174
111,0
109,9
108,9
107,9
110,9
109,9
105,9
109,9
108,9
113,9
106,64
107,73
112,73
112,73
108,73
108,73
111,73
105,128
106,129
109,128
112,152
108,152
109,152
111,128
113,176
108,176
109,107
113,107
106,107
111,64
107,110
109,64
108,108
107,108
107,64
109,106
111,106
109,106
109,106
110,106
107,106
110,106
110,106
114,106
108,106
108,106
110,106
110,106
108,106
108,106
110,106
107,106
108,106
109,106
110,106
107,106
105,106
105,0
106,3
106,128
108,184
106,184
107,64
107,115
108,115
111,115
110,115
108,128
107,167
107,167
109,167
109,167
107,0
108,59
104,128
109,183
110,183
108,128
112,128
106,132
109,128
108,192
108,0
108,13
108,128
110,184
111,184
108,73
110,73
107,73
109,73
106,73
110,73
112,73
108,73
104,73
107,73
110,64
109,99
108,99
110,64
109,67
110,67
110,0
111,64
108,128
109,178
107,178
107,178
111,178
108,0
109,64
108,128
107,183
108,183
110,183
109,64
104,108
107,108
111,64
107,110
104,110
111,64
109,111
107,111
107,111
110,111
106,64
110,105
108,105
108,105
108,105
107,105
109,105
106,105
104,105
109,105
109,105
108,105
108,105
107,105
109,105
107,108
106,64
107,105
111,64
104,110
108,110
104,110
107,110
107,106
104,106
108,106
107,0
104,64
110,68
111,176
111,0
109,7
109,100
112,100
113,64
112,128
108,168
111,168
112,168
109,168
114,168
118,168
116,75
118,196
117,196
117,13
119,13
118,239
119,64
124,100
125,100
122,100
127,64
126,124
127,124
128,124
130,192
129,211
132,211
130,211
131,211
128,211
134,211
131,211
131,211
126,211
127,211
130,211
127,211
122,211
127,116
123,116
125,64
121,64
121,121
121,121
116,121
115,64
116,115
117,115
112,64
110,64
114,64
111,113
110,113
107,64
109,107
109,107
111,107
107,107
112,107
107,107
107,107
111,64
108,111
106,111
107,111
110,64
110,109
105,109
107,109
107,109
105,109
107,64
107,64
109,64
109,108
106,108
106,108
108,108
106,108
108,0
107,15
105,192
105,242
110,64
106,84
110,84
106,0
107,9
111,9
105,9
103,9
109,128
105,128
107,184
106,184
107,128
105,64
106,0
108,30
105,30
105,30
106,30
104,30
106,168
107,168
105,64
105,98
105,98
103,64
104,128
103,135
98,0
97,7
94,128
94,158
97,0
98,35
99,192
113,236
128,236
143,236
168,236
190,199
215,60
233,192
233,255
233,128
233,183
233,183
233,64
233,95
233,95
233,95
233,128
233,140
218,192
189,255
162,255
134,128
114,133
91,133
78,133
67,133
56,133
50,133
48,133
41,133
49,133
51,133
56,133
63,133
67,133
70,64
78,64
83,64
88,83
92,83
98,64
96,64
101,96
105,64
101,104
106,104
105,104
106,104
106,104
108,104
112,104
106,0
107,64
107,81
113,81
109,81
110,7
109,128
108,184
110,184
116,184
114,131
110,131
113,131
111,131
109,131
115,131
116,12
116,192
114,240
115,240
117,240
117,128
116,152
115,64
119,112
121,112
117,112
122,87
122,87
124,87
125,87
123,87
122,87
125,64
129,128
127,188
128,188
127,25
135,192
134,201
135,145
137,145
137,145
137,145
139,21
139,21
147,21
144,0
143,36
146,145
145,145
151,145
148,131
152,131
154,131
155,131
155,131
156,131
158,131
158,131
159,227
164,227
162,227
162,128
164,161
168,161
168,128
169,167
168,167
171,167
169,167
171,167
174,167
174,167
171,128
172,128
174,128
178,128
171,177
176,177
172,177
174,177
174,177
174,177
174,177
175,177
173,177
171,177
175,177
174,128
174,174
169,192
172,0
171,128
167,156
168,156
167,156
170,111
169,111
161,0
168,28
160,28
163,222
162,222
156,192
158,201
156,201
156,201
154,192
154,219
151,219
149,219
150,219
148,219
147,64
143,115
141,192
140,206
139,206
140,192
139,211
136,211
138,211
136,211
133,211
130,18
134,107
129,107
129,107
127,107
125,192
123,239
126,50
122,50
129,50
120,0
119,15
122,192
123,195
119,195
120,11
115,11
116,11
115,64
113,89
116,89
111,89
113,89
114,192
113,64
115,64
114,115
115,64
114,114
115,114
112,64
113,112
113,112
112,112
111,112
111,112
110,64
112,64
111,111
110,111
109,111
108,64
112,108
111,108
109,108
112,108
109,108
108,108
112,108
109,108
109,108
110,108
112,109
110,64
108,110
111,110
109,110
114,110
110,128
106,176
111,176
114,176
113,100
114,100
108,100
112,100
109,128
110,180
108,64
109,96
109,96
112,0
112,36
111,36
108,0
110,6
109,6
112,6
113,6
112,7
109,192
105,231
107,53
113,53
110,53
109,0
114,9
113,9
111,9
110,9
110,128
111,153
114,0
111,8
112,8
113,182
108,0
112,22
110,22
106,22
107,64
109,87
112,87
111,0
111,64
115,101
108,101
111,101
111,101
110,64
111,109
108,109
114,109
110,64
115,109
111,109
113,109
111,109
111,64
110,111
111,111
112,111
110,64
111,110
110,64
116,64
111,64
114,111
111,111
112,111
109,111
111,64
112,110
115,110
112,64
114,64
113,64
115,112
111,112
116,112
111,128
110,171
109,171
116,64
113,95
111,128
114,128
113,128
116,142
109,142
111,12
111,128
108,128
114,0
111,44
113,44
117,44
111,64
111,98
112,98
114,98
111,128
111,131
114,131
113,131
108,131
110,131
115,0
113,24
111,24
112,24
112,12
114,128
110,182
111,182
113,182
112,182
114,182
110,64
113,80
115,173
114,187
113,64
112,101
111,101
113,101
115,128
113,129
111,0
112,11
113,128
112,128
114,0
114,64
115,192
116,64
115,64
111,64
112,64
113,64
113,64
111,112
113,112
113,112
113,112
114,112
117,64
115,64
120,114
116,114
115,114
116,64
118,64
118,118
122,118
117,118
122,118
121,64
119,64
124,119
126,119
123,119
126,119
124,64
126,124
131,128
130,192
129,204
133,204
132,64
133,124
136,0
133,24
135,99
137,99
139,99
139,99
136,99
139,99
135,64
139,118
133,128
137,190
133,190
137,129
133,243
129,243
129,243
130,243
130,0
126,12
126,127
126,0
124,64
120,108
120,108
121,108
122,108
122,192
120,245
119,64
119,86
116,86
116,86
115,86
114,192
117,239
116,50
117,50
116,50
116,50
116,50
115,50
116,50
114,0
116,64
116,192
114,242
115,242
114,242
114,242
113,242
117,128
117,158
116,158
119,158
115,64
121,115
115,115
116,115
114,115
116,115
117,64
115,116
119,116
116,116
116,116
114,64
116,113
115,113
114,113
114,113
121,113
115,64
113,115
114,115
115,64
117,64
117,116
117,64
114,116
116,64
113,115
113,115
112,115
110,115
113,0
111,7
109,7
106,128
105,164
99,164
105,164
106,164
113,0
122,54
133,54
150,54
174,54
201,192
228,248
233,248
233,192
233,192
233,255
233,255
233,255
233,255
233,255
233,192
233,255
233,255
224,98
197,98
172,192
144,218
121,218
104,218
86,218
76,218
66,218
59,218
57,218
57,218
60,218
60,218
66,218
71,218
78,218
80,0
90,58
94,58
95,0
104,6
109,192
110,0
113,11
113,11
111,11
112,64
117,111
116,111
116,64
118,115
119,115
116,115
118,115
122,115
117,64
121,116
119,116
121,116
122,116
122,116
122,116
119,116
123,116
120,116
123,64
123,122
124,122
124,122
122,64
122,121
127,121
126,121
128,121
127,121
125,121
130,121
128,121
130,121
129,121
134,121
130,0
132,64
134,92
133,92
137,92
140,92
137,92
140,128
135,129
141,192
142,194
142,227
147,64
146,126
147,126
148,126
146,126
149,126
155,0
150,15
154,192
156,233
162,233
161,233
160,192
165,254
162,254
167,254
164,234
170,234
168,234
168,234
171,128
173,153
173,153
176,192
175,234
178,234
179,234
179,234
179,128
181,192
182,192
186,222
184,192
185,192
190,255
185,255
185,168
186,168
183,128
184,182
184,182
186,182
185,128
185,184
187,184
186,186
183,128
182,182
185,128
184,128
178,183
180,183
180,183
181,128
180,180
178,180
177,180
175,180
173,180
172,180
172,180
171,180
166,128
167,128
167,166
165,166
164,128
164,163
159,192
157,224
158,224
159,48
159,192
156,255
151,62
152,62
151,62
150,0
149,128
145,192
146,217
145,217
145,217
141,217
140,217
135,217
138,217
137,217
135,217
136,217
135,217
130,224
134,224
131,118
132,118
128,118
130,118
129,192
129,0
128,64
127,112
124,112
123,112
124,64
125,118
123,118
125,15
123,15
122,15
122,15
123,15
123,15
126,15
120,15
121,15
122,187
121,0
120,62
118,62
119,62
118,118
117,118
118,64
118,117
121,64
121,120
118,120
119,120
116,64
118,115
120,115
121,115
118,115
121,64
116,64
116,64
120,115
122,115
120,64
118,119
114,119
115,64
119,114
118,114
116,114
119,64
119,119
120,64
119,119
121,119
118,119
118,9
120,9
116,9
124,0
119,64
119,115
119,115
122,64
120,90
115,90
121,90
118,90
118,128
116,128
119,134
117,134
118,134
118,237
122,237
122,237
118,237
118,237
118,237
120,237
118,237
117,237
120,237
117,237
118,0
115,12
120,12
122,128
120,158
121,17
117,192
119,238
116,13
118,128
120,180
118,180
115,64
116,105
115,105
119,105
122,128
121,162
114,0
121,15
120,101
115,128
118,142
120,18
119,18
116,18
119,18
114,18
118,64
120,117
118,117
117,117
120,117
120,64
121,64
120,120
120,120
119,64
118,118
118,64
118,118
116,118
116,118
117,64
118,116
121,64
118,120
120,120
120,120
117,120
119,120
117,120
120,116
119,64
116,64
118,64
121,117
117,117
119,117
119,117
116,117
119,117
115,117
117,117
120,117
118,117
117,117
119,117
118,117
118,117
119,117
116,117
118,117
117,64
115,108
116,0
121,18
118,84
115,84
115,0
117,12
121,100
117,100
120,100
118,100
118,192
115,235
119,235
117,128
119,128
116,152
118,64
118,122
117,0
118,7
117,7
116,7
121,7
119,19
116,19
119,19
116,19
115,19
120,179
114,179
119,64
117,124
117,0
119,10
119,10
117,64
120,116
119,116
117,64
119,116
122,64
123,121
122,121
119,121
123,121
124,121
125,121
126,121
126,121
126,121
126,64
125,126
130,126
131,128
133,130
130,130
135,130
139,130
136,130
136,130
138,128
142,137
137,137
140,137
138,128
139,137
140,137
142,0
143,18
140,18
138,18
143,18
136,18
135,18
132,246
137,246
135,192
137,199
128,204
133,64
129,118
129,118
123,118
128,118
126,192
124,0
124,12
121,12
120,12
120,12
116,128
121,152
121,152
117,152
119,192
117,196
118,0
116,64
115,108
119,108
117,64
120,81
117,81
115,81
119,64
117,102
118,128
118,138
115,64
116,123
116,123
113,123
115,123
118,123
116,123
113,123
113,123
119,0
116,12
115,100
115,100
113,100
118,64
115,111
118,111
116,111
118,111
116,111
117,111
117,111
117,111
116,111
115,111
119,111
114,64
115,113
115,113
116,64
115,115
116,115
115,115
112,115
115,115
112,115
110,115
113,115
112,115
110,64
108,110
101,107
100,64
106,99
100,99
106,99
109,99
120,99
133,128
153,132
174,128
198,178
224,178
233,178
233,178
233,255
233,255
233,255
233,255
233,255
233,255
233,255
233,255
233,118
223,192
196,255
167,255
141,255
120,149
99,149
83,0
71,128
64,135
57,169
54,169
55,169
56,169
59,86
64,86
70,192
74,212
80,212
84,212
89,128
97,0
100,7
104,7
106,173
108,173
111,173
113,173
114,173
113,173
117,128
115,179
116,0
116,17
116,17
114,17
117,17
122,78
116,188
117,189
116,189
116,189
120,189
116,189
117,189
115,64
117,114
115,114
120,114
125,114
119,114
117,114
123,114
120,114
124,114
122,64
122,64
123,121
126,64
125,126
125,126
126,64
125,126
129,126
126,126
129,126
132,126
132,126
134,126
134,128
137,133
138,133
138,133
140,133
141,0
140,52
139,192
144,245
145,245
148,245
145,192
146,192
150,192
151,192
149,247
154,247
151,192
154,223
160,223
162,223
158,223
161,128
163,173
167,173
164,192
165,239
170,239
168,150
171,150
168,150
171,150
169,192
171,244
176,244
175,244
175,192
175,199
177,199
178,192
180,248
173,248
177,192
179,255
179,255
180,255
180,255
179,255
178,255
178,192
181,245
177,245
178,245
178,192
180,249
175,249
177,249
177,192
174,209
172,128
171,172
170,172
172,172
169,172
168,128
164,167
163,163
168,162
162,128
160,128
163,159
159,128
159,128
156,158
154,128
153,153
149,128
150,148
150,128
151,128
147,150
141,150
144,150
148,150
143,150
138,150
140,128
136,139
134,139
134,139
134,139
129,139
129,192
131,236
129,64
129,83
125,188
128,196
123,196
128,116
121,0
121,14
123,128
125,184
122,0
121,17
120,136
117,136
118,136
116,128
115,128
118,0
114,16
117,16
113,240
116,13
114,128
117,177
115,177
116,177
112,192
113,238
111,64
112,92
112,92
111,92
110,64
109,104
107,0
110,21
113,128
108,173
108,173
114,173
110,173
111,64
112,125
112,125
108,125
110,125
107,64
115,92
107,92
108,92
108,64
107,108
113,108
115,64
109,115
107,115
106,115
109,115
109,115
108,115
110,115
110,115
110,115
109,64
107,64
111,106
110,106
111,106
111,64
107,110
107,110
108,110
107,64
111,106
110,106
111,106
110,106
110,106
112,106
110,106
109,106
112,106
109,106
109,175
107,175
110,175
111,103
109,103
112,103
105,128
109,188
109,188
108,89
113,89
109,0
108,13
109,192
105,243
107,243
111,243
108,243
107,243
111,64
111,128
110,64
108,122
108,128
107,131
107,0
107,8
107,91
107,91
106,91
109,128
109,192
112,242
107,64
109,92
109,92
108,92
110,92
110,92
109,92
108,0
108,49
106,49
107,49
107,64
106,96
109,96
111,64
107,128
109,176
106,0
108,64
107,96
109,96
107,64
110,107
108,107
107,107
106,64
109,105
110,108
109,108
112,108
111,64
107,111
107,111
109,111
106,111
110,111
109,111
108,111
109,111
111,64
108,110
108,64
111,108
110,108
107,64
108,64
108,64
108,107
105,107
105,107
106,64
106,64
106,64
109,83
107,83
108,83
105,0
107,12
109,99
109,0
106,11
108,11
112,11
108,168
106,64
107,94
108,94
107,94
107,94
105,192
106,224
107,11
107,128
106,175
107,140
108,64
109,100
107,0
108,5
107,5
109,128
109,161
110,64
109,99
109,99
108,0
109,128
111,152
108,152
108,64
110,90
111,90
109,0
111,11
112,119
109,119
113,119
114,119
115,183
119,183
115,64
117,105
114,105
120,0
121,58
122,186
126,0
127,15
126,15
126,192
130,192
128,192
127,192
126,192
129,192
131,192
134,192
130,192
128,129
127,129
130,128
125,64
129,124
128,124
127,124
124,124
125,124
123,64
120,123
124,123
119,64
120,118
112,118
119,118
118,118
114,118
114,118
114,118
111,118
112,118
109,118
109,118
112,118
111,118
107,118
107,118
107,118
109,118
106,175
108,134
109,14
107,192
109,244
107,244
107,89
105,89
109,89
105,89
108,89
107,89
105,89
106,89
109,89
107,0
105,12
107,192
107,236
113,236
107,128
106,128
110,160
103,160
107,160
111,175
107,0
103,51
106,192
110,199
107,13
105,13
105,13
106,13
107,12
109,103
109,103
108,103
104,103
104,103
108,103
104,103
106,103
107,103
104,103
104,64
105,64
105,104
104,64
102,103
99,64
95,64
93,95
93,95
95,92
97,92
98,92
110,64
128,108
144,108
163,108
195,108
218,108
233,108
233,108
233,108
233,108
233,108
233,192
233,232
233,232
233,232
233,232
233,192
218,216
185,255
157,255
136,255
111,255
89,255
78,255
69,128
58,139
49,139
47,139
48,139
50,139
51,139
56,139
62,64
68,115
72,115
78,115
86,115
90,115
93,115
99,128
98,156
104,156
104,128
111,184
103,0
105,60
108,192
108,0
112,11
107,11
110,11
111,11
110,64
107,108
112,0
112,4
111,128
111,128
111,171
111,171
112,171
111,171
110,64
110,109
111,109
113,109
113,64
114,112
115,112
114,112
118,112
116,117
116,117
118,117
115,117
117,64
122,64
117,121
123,121
125,121
122,121
124,64
127,124
125,124
129,124
127,124
128,128
129,127
132,127
135,127
133,0
132,12
134,192
138,249
142,249
141,249
141,249
144,249
144,249
145,249
145,64
151,73
145,192
152,207
151,207
153,128
158,142
155,128
156,141
159,141
161,141
160,141
159,141
162,141
167,141
166,0
168,50
167,50
167,50
173,50
170,50
170,50
174,50
171,50
172,50
174,50
174,50
175,192
179,223
175,0
170,55
176,55
175,55
175,55
175,192
174,192
174,240
175,47
172,159
171,159
178,159
170,192
171,192
167,238
169,128
166,150
166,150
168,150
166,150
165,128
160,128
165,159
158,128
162,157
160,157
158,128
154,128
155,153
152,153
152,128
150,152
145,152
150,128
146,149
144,149
143,149
143,149
139,128
135,128
139,135
138,135
136,128
133,135
134,135
130,128
129,129
129,128
131,128
127,128
126,0
130,40
126,192
125,249
123,249
122,103
118,128
123,177
121,177
119,177
119,177
120,0
115,47
116,192
114,236
120,64
117,128
111,182
112,182
114,182
113,182
111,0
117,11
114,11
114,11
111,11
114,11
111,11
111,11
113,11
108,11
114,11
111,11
113,64
109,98
109,98
108,98
111,64
110,120
109,0
108,64
108,128
110,128
109,152
109,152
113,192
110,247
112,64
109,69
110,171
110,183
106,64
112,91
109,175
111,175
108,175
109,64
108,108
112,108
110,108
110,108
112,108
112,108
111,108
107,108
108,108
108,108
111,64
110,110
107,110
109,110
107,110
110,64
107,110
111,110
111,110
114,110
112,64
109,112
112,112
107,112
108,112
111,107
106,107
110,64
108,110
110,110
108,110
111,110
110,110
113,110
110,110
109,110
110,110
108,64
111,92
112,92
115,92
109,92
110,110
109,110
111,110
111,128
110,64
113,100
109,100
112,192
112,0
111,64
110,128
115,128
109,140
111,140
109,112
114,112
113,64
110,99
112,99
111,147
110,147
112,192
112,0
111,7
111,96
112,96
111,96
111,96
110,96
114,96
109,96
112,96
111,96
115,0
109,16
110,103
109,103
112,64
109,128
110,176
107,0
112,6
110,6
109,6
114,108
109,108
113,192
110,226
115,226
113,226
110,112
110,109
113,64
111,112
111,64
114,111
110,111
112,64
114,111
113,113
112,113
111,113
109,64
110,108
113,64
112,112
112,64
114,112
110,112
112,109
112,109
111,64
115,110
114,110
113,110
116,110
109,110
112,110
113,110
111,0
113,128
110,133
114,133
114,64
113,128
109,184
111,184
114,184
113,184
107,184
115,184
113,184
111,212
115,212
112,212
112,212
114,212
117,212
116,212
114,212
114,212
115,212
111,212
115,212
113,128
115,128
115,181
117,181
116,181
111,64
118,109
119,109
120,109
119,109
124,64
122,108
123,108
125,108
125,128
124,159
122,159
127,64
130,192
129,128
133,147
132,192
136,194
133,194
136,20
136,118
139,118
133,118
136,118
138,135
140,137
137,128
135,136
137,136
137,136
134,128
134,134
135,134
135,134
132,128
130,131
128,128
128,128
126,127
126,64
122,126
126,126
120,126
120,126
121,126
124,126
118,126
117,126
117,116
120,116
111,116
115,116
121,192
117,196
113,105
115,105
115,105
117,0
118,9
116,9
114,128
116,134
113,134
113,134
111,0
112,14
113,14
112,14
115,14
112,15
109,15
113,201
114,201
114,201
118,128
114,155
116,64
115,108
115,108
113,64
115,77
113,77
115,77
114,77
113,77
117,128
116,133
114,128
115,156
115,156
113,156
115,156
114,156
113,0
112,16
114,16
116,217
114,217
120,217
117,128
117,133
116,128
117,167
111,167
106,167
108,167
108,64
105,117
104,42
105,192
103,200
107,200
109,64
119,108
138,128
153,137
173,128
199,172
226,192
233,224
233,192
233,232
233,232
233,232
233,192
233,232
233,232
233,232
233,232
233,232
227,232
197,232
172,128
144,172
123,172
101,64
82,99
74,64
66,73
60,0
57,59
55,192
56,191
62,191
66,191
69,191
78,191
80,191
86,191
96,0
99,12
101,128
105,161
108,161
105,64
111,93
114,128
114,136
116,16
119,192
116,240
115,240
118,240
117,128
118,0
118,11
123,11
115,216
119,216
120,216
118,195
122,195
122,195
121,195
121,195
121,195
122,192
122,236
122,236
124,236
125,236
122,236
123,128
122,180
128,0
127,24
128,118
125,118
132,64
128,99
131,99
133,99
130,64
132,192
134,64
140,110
136,110
140,192
140,128
140,140
138,140
143,140
139,140
147,140
145,140
141,140
147,140
150,128
149,128
153,148
151,128
151,128
155,150
157,150
157,150
162,150
159,128
163,159
164,159
162,159
164,159
167,128
173,166
171,166
168,166
166,167
175,167
174,128
178,163
175,163
178,163
180,192
179,192
180,254
181,254
183,254
182,254
185,227
183,227
181,227
188,227
183,128
184,132
185,216
185,216
184,128
185,192
184,192
185,64
179,119
187,192
183,242
184,242
179,242
180,192
179,64
183,71
178,192
180,254
176,254
175,254
175,254
176,220
169,220
169,220
167,255
167,128
166,139
164,139
164,0
160,128
161,150
164,150
161,150
159,150
155,150
153,150
152,150
153,192
154,228
152,167
151,167
147,167
147,128
145,128
144,144
147,144
139,146
141,146
142,146
136,141
137,128
136,136
135,128
132,128
135,131
134,134
133,128
130,128
131,129
128,129
129,129
133,129
128,129
125,129
127,129
123,64
123,123
123,123
124,123
126,123
125,64
124,192
121,0
122,17
123,105
121,105
121,105
122,105
120,192
121,0
124,64
120,89
123,89
121,89
117,89
118,128
118,174
118,0
119,36
121,152
122,152
120,64
118,128
115,182
119,182
119,128
119,163
123,163
121,64
120,106
117,106
118,106
118,13
117,13
119,13
119,13
116,13
121,128
119,0
115,64
118,128
119,190
120,190
118,128
120,171
119,171
116,171
116,171
120,171
121,171
119,171
121,64
120,120
120,120
117,64
122,116
119,64
118,118
117,118
119,64
115,64
120,115
116,64
119,64
117,64
118,116
117,64
118,116
122,116
121,64
119,120
118,120
120,120
120,120
117,120
118,120
115,120
120,120
122,120
118,120
114,64
119,113
116,113
117,192
119,232
119,232
117,232
117,232
118,143
117,64
116,117
118,117
119,117
118,117
115,128
120,151
113,64
117,109
117,0
118,18
119,18
120,128
117,188
119,188
118,104
115,64
122,85
115,85
119,85
119,85
119,85
117,128
120,177
115,0
118,64
117,112
117,0
119,14
120,14
117,128
120,0
118,15
116,15
113,15
111,0
114,51
114,192
109,0
110,64
113,94
112,94
113,94
111,94
114,106
114,106
113,64
115,80
114,80
111,80
114,64
111,64
115,110
113,110
113,112
112,112
115,112
113,112
112,112
112,112
114,112
114,113
114,113
114,113
117,113
112,64
112,111
112,111
115,111
116,64
113,115
112,64
112,64
115,111
115,111
115,111
112,111
114,111
114,64
114,113
115,113
114,113
115,113
114,128
114,183
115,183
111,183
113,64
113,0
113,38
114,192
117,233
113,233
117,160
112,179
115,179
116,179
117,179
118,0
119,64
117,102
117,128
121,155
119,128
118,128
119,243
121,243
124,243
125,128
127,177
126,177
128,192
130,252
129,64
132,94
131,94
133,94
133,64
133,120
137,120
136,120
137,120
138,120
138,0
139,12
137,12
137,12
137,0
133,15
133,15
133,244
133,244
134,192
131,195
131,207
133,207
129,207
130,207
125,129
126,129
123,129
123,129
125,122
119,122
122,122
121,64
119,64
117,118
119,64
117,118
118,118
117,118
120,118
116,118
115,118
117,118
117,64
119,64
118,64
117,117
119,117
113,117
114,117
114,64
115,113
113,113
117,113
115,113
113,192
114,206
116,206
117,206
119,206
121,206
116,64
114,102
112,128
116,136
114,64
115,122
115,0
116,7
118,128
116,128
116,177
114,177
113,192
115,0
116,12
119,128
116,128
118,160
115,160
114,160
114,160
115,160
120,128
114,185
118,185
114,64
117,112
116,0
114,13
113,13
111,13
111,13
107,64
104,102
102,102
103,102
107,102
107,102
112,0
122,64
138,192
154,196
175,0
203,128
228,189
233,189
233,189
233,189
233,189
233,189
233,189
233,189
233,189
233,189
233,189
233,189
228,189
198,189
171,128
145,170
123,170
105,170
87,64
76,64
62,75
60,75
55,75
54,0
57,54
61,54
68,54
69,64
77,68
82,68
87,68
95,68
99,68
105,68
105,68
107,98
111,98
113,0
115,64
114,192
117,248
118,64
123,92
122,92
117,92
118,92
116,128
118,185
120,185
122,128
119,147
119,0
116,8
120,128
119,128
120,147
120,147
122,120
119,120
120,120
127,120
121,120
122,120
128,120
131,120
124,64
126,64
128,69
131,69
127,69
129,69
132,69
132,69
131,0
132,12
131,12
134,12
135,64
137,98
136,98
139,98
141,98
141,192
142,212
143,0
144,44
144,167
147,167
148,128
153,128
153,152
153,152
152,128
152,152
158,151
158,128
159,158
157,158
163,156
164,156
162,128
164,161
167,161
168,161
169,128
170,168
171,128
173,128
177,172
170,172
176,172
178,128
179,177
178,177
177,177
181,177
185,177
179,177
185,177
183,177
184,177
182,128
184,187
187,187
186,187
189,192
188,249
186,0
188,56
186,56
186,56
184,56
184,56
182,239
185,0
180,43
183,43
181,255
182,78
181,78
182,78
179,78
173,78
175,78
172,255
172,255
175,255
172,237
168,237
166,128
167,192
163,232
163,188
164,188
164,188
161,0
155,128
158,192
156,192
156,192
157,128
148,151
150,151
151,151
145,151
150,151
147,151
146,36
142,36
144,36
143,64
141,124
139,124
138,124
135,128
136,134
135,134
135,134
135,134
130,128
131,128
134,130
129,130
128,130
129,130
130,130
127,64
129,127
128,127
127,127
126,127
129,127
124,127
120,64
127,64
122,126
123,126
125,126
119,64
119,119
118,119
120,64
122,119
122,119
121,119
118,119
116,119
120,119
119,119
121,64
121,79
120,79
121,0
120,16
120,111
118,111
119,64
119,128
120,172
118,172
120,8
118,8
118,186
120,186
115,186
116,186
116,186
114,186
117,186
120,186
118,186
119,186
120,192
121,246
118,246
121,246
118,246
117,246
117,64
115,108
117,64
118,96
120,96
121,192
116,0
119,64
116,128
119,128
118,140
115,128
120,192
117,0
117,64
116,99
117,128
119,143
118,143
119,143
119,64
121,64
117,120
115,116
120,116
117,64
120,116
119,116
118,116
119,116
122,116
122,116
118,116
118,116
120,116
116,64
119,64
118,119
119,64
116,64
115,115
114,115
116,115
117,115
117,115
122,115
120,115
116,115
119,115
117,115
117,115
118,115
119,115
117,115
120,115
116,128
118,144
123,144
118,192
121,235
118,64
119,99
118,99
117,99
116,64
119,106
116,64
119,83
120,67
118,67
117,67
119,64
117,104
119,104
114,104
117,128
114,179
115,179
120,179
119,179
116,179
115,179
112,179
116,128
122,142
118,128
116,128
118,0
114,64
117,107
118,107
117,107
119,107
118,107
119,107
116,107
119,192
120,249
115,249
116,249
120,249
117,249
120,249
116,192
120,245
117,245
118,245
120,245
116,245
115,245
116,245
118,245
114,64
118,113
116,113
119,113
112,113
116,64
114,115
115,115
117,115
117,115
117,115
117,64
117,64
115,64
118,64
118,64
118,117
118,117
118,117
121,117
117,117
117,117
116,117
115,117
115,117
116,117
118,192
119,194
119,0
117,64
121,112
121,112
120,112
120,112
123,112
123,112
120,112
124,192
125,248
124,248
127,192
125,128
131,176
132,176
130,176
133,0
128,19
132,112
135,112
134,112
138,112
141,192
136,254
137,254
139,254
142,192
137,0
140,25
142,25
135,25
136,64
137,93
136,93
137,93
135,93
130,93
134,93
131,93
133,93
128,93
127,0
128,128
128,127
126,127
121,127
124,127
120,64
122,64
118,121
121,121
118,121
116,64
120,115
118,115
116,115
120,115
116,115
117,115
117,115
115,115
117,115
115,64
115,115
118,115
114,115
111,115
119,64
120,64
115,64
112,64
115,64
115,114
115,114
113,114
116,114
116,114
112,114
117,114
119,114
115,114
114,128
115,128
116,184
112,18
115,18
114,18
119,18
115,18
118,128
113,185
116,185
116,128
113,188
115,74
117,74
114,74
112,74
115,15
113,15
114,15
114,15
111,128
111,134
114,230
112,13
107,13
112,13
109,0
105,9
102,9
104,0
102,10
106,10
105,128
111,0
119,8
135,192
152,239
176,239
197,192
225,240
233,240
233,240
233,240
233,240
233,192
233,214
233,192
233,255
233,255
233,255
233,128
220,137
194,137
166,137
142,128
121,142
99,64
82,99
71,99
65,99
55,99
52,99
55,99
55,99
60,99
63,0
69,64
71,68
79,68
84,78
87,78
91,78
100,78
101,78
103,100
107,100
111,100
106,100
109,100
111,100
116,100
114,100
116,100
112,100
113,100
116,100
115,0
116,11
115,192
116,223
116,223
118,223
118,128
114,163
113,64
119,105
120,105
116,64
115,78
119,78
121,78
123,78
121,78
120,78
120,78
122,128
122,192
121,239
128,239
128,192
127,198
124,0
128,15
129,15
129,15
132,51
131,51
133,192
133,195
134,195
131,195
135,243
135,243
135,243
142,243
143,243
144,243
143,243
146,240
145,240
147,128
145,191
150,191
150,191
149,128
153,148
154,148
159,148
158,148
158,148
160,148
161,148
162,148
161,148
164,148
164,128
164,163
169,163
170,163
167,163
171,163
174,128
175,173
176,128
174,175
173,128
174,172
177,172
178,172
180,128
180,179
178,128
176,177
178,177
179,0
178,60
177,224
179,241
177,241
177,128
178,163
176,163
177,187
176,192
173,192
174,252
177,252
171,252
168,252
168,207
170,207
169,164
168,64
169,79
161,192
165,210
166,210
160,128
160,149
158,128
156,171
156,171
158,192
158,230
152,230
155,230
150,230
152,0
147,128
146,192
145,251
149,251
143,251
139,251
141,251
137,128
136,131
137,209
134,209
134,209
132,209
132,209
131,209
125,209
129,128
125,178
123,64
125,116
124,0
122,64
124,121
119,64
120,119
119,119
120,64
120,120
116,120
119,120
117,120
113,64
112,64
116,111
115,64
115,64
114,114
115,114
116,114
111,64
111,64
111,64
113,111
115,111
111,64
107,111
108,111
110,111
110,64
110,109
111,109
110,109
113,64
109,112
109,112
111,112
107,112
111,112
110,112
110,192
113,203
109,64
114,128
109,128
107,135
110,64
107,192
108,231
110,231
110,128
108,128
111,151
111,151
112,151
110,0
112,22
105,22
108,22
107,0
109,64
108,96
109,64
112,123
109,123
110,123
108,123
109,123
109,128
110,170
111,0
112,19
109,19
110,19
106,19
108,128
110,156
110,166
109,166
110,166
109,166
111,114
109,114
108,114
109,114
103,114
109,114
101,114
105,114
109,114
109,64
106,108
107,64
111,64
107,64
113,107
108,64
109,64
111,108
108,108
106,108
108,108
108,108
106,108
108,64
107,107
110,64
108,109
108,109
108,109
108,109
109,109
106,109
106,64
110,105
107,105
105,105
109,64
109,108
105,108
108,108
109,108
109,108
109,0
105,64
108,109
107,109
107,109
109,109
111,128
111,0
110,24
108,24
108,0
109,7
108,128
108,175
109,0
108,21
106,21
107,21
109,21
108,93
108,128
109,157
107,157
109,192
108,196
105,196
110,196
107,128
104,186
105,64
106,92
108,92
107,92
107,92
109,192
108,197
108,197
108,197
109,197
103,64
107,75
103,75
107,75
107,8
109,192
110,233
108,233
106,64
108,64
106,107
107,107
109,106
106,106
109,106
109,106
105,64
109,104
109,64
107,108
106,64
106,105
106,64
108,105
105,105
108,64
105,107
107,107
108,107
112,107
105,111
110,111
108,111
109,64
108,108
109,64
108,128
111,172
108,0
111,28
108,192
110,228
109,64
112,93
115,93
112,93
113,93
112,93
115,93
113,93
115,93
119,93
122,93
126,64
120,128
125,185
124,185
124,185
127,185
127,229
128,229
127,229
126,229
126,229
131,128
129,189
129,189
130,189
131,189
130,189
127,64
130,192
130,243
127,19
127,19
127,198
126,64
124,90
122,90
121,90
117,90
119,90
114,90
114,90
117,90
116,90
116,90
112,90
109,90
111,90
111,90
110,90
112,90
108,90
109,90
106,64
109,105
108,64
106,107
107,64
107,106
107,106
111,106
107,106
107,64
103,106
105,106
106,106
106,106
109,106
106,106
109,106
107,64
107,106
107,106
107,64
110,106
102,106
103,0
106,64
107,96
108,64
108,91
106,128
109,148
109,148
107,64
109,128
107,169
106,169
108,169
107,192
107,0
110,8
102,8
104,64
104,114
106,114
106,128
104,162
105,64
105,99
111,99
109,64
104,128
103,169
100,0
97,9
98,9
95,9
95,0
91,53
93,53
97,53
103,53
113,53
123,53
145,53
164,53
192,53
218,64
233,76
233,76
233,192
233,255
233,192
233,226
233,128
233,128
233,191
233,191
233,191
215,191
187,191
164,128
133,128
110,132
92,64
78,92
64,92
54,92
49,92
46,0
45,46
53,46
52,0
58,51
60,51
67,64
71,66
73,66
81,66
85,66
88,66
93,66
101,64
101,100
105,100
105,100
107,100
105,100
108,100
109,100
107,100
110,100
110,100
108,0
107,10
107,192
110,236
111,236
109,236
110,236
112,236
112,236
114,192
114,235
110,235
116,98
112,128
115,132
114,132
113,128
111,0
115,8
113,108
118,108
120,108
116,128
119,174
118,174
119,128
122,131
121,131
126,13
122,13
126,13
125,0
128,19
126,19
128,19
129,19
129,19
133,19
134,0
135,64
138,192
139,214
137,64
140,192
139,203
142,203
142,19
148,192
146,212
147,212
151,212
146,212
147,128
154,146
154,128
156,153
154,155
158,155
163,155
162,128
162,128
162,161
163,161
161,161
167,161
169,161
165,161
168,128
168,167
169,167
172,167
168,128
174,128
175,173
173,128
170,172
173,172
177,172
170,128
175,169
173,169
177,169
174,169
176,192
176,217
178,217
174,217
174,217
170,128
175,192
170,238
170,0
170,45
167,45
169,45
170,45
167,45
163,45
164,45
165,45
159,45
159,45
162,45
159,45
158,192
160,128
156,134
155,134
157,201
150,0
148,25
149,192
148,208
144,208
142,192
147,201
142,0
139,24
141,24
138,231
136,231
136,231
132,181
134,181
136,181
132,192
129,202
128,202
127,202
126,202
125,0
127,12
121,12
125,64
122,124
122,64
119,121
123,121
122,121
121,121
115,121
119,121
118,64
114,118
116,118
116,64
116,64
115,115
115,115
117,115
116,115
108,115
113,107
113,112
109,112
113,112
115,64
110,115
113,115
110,115
110,64
114,64
110,64
112,109
107,109
115,109
112,109
110,109
112,109
108,109
113,0
110,41
110,41
110,41
109,64
112,96
111,96
112,96
110,96
111,192
110,232
115,232
107,96
113,128
113,131
109,22
115,22
112,22
112,22
110,101
110,101
110,101
111,101
113,101
111,0
109,17
112,17
112,0
112,64
112,89
110,89
109,162
109,162
107,162
111,162
110,162
110,128
105,173
108,0
113,9
109,9
111,9
108,9
114,9
111,9
111,9
115,9
114,9
110,9
110,9
110,9
112,9
111,9
110,9
114,109
111,64
116,110
111,110
115,110
112,64
113,111
110,111
110,64
112,64
113,64
111,112
109,64
109,64
109,128
108,164
112,174
114,64
111,128
107,191
111,114
111,114
116,128
109,178
111,178
115,128
113,182
113,182
112,182
112,192
113,199
110,64
114,104
109,104
112,104
112,104
111,104
112,104
111,128
110,156
111,226
110,226
113,226
110,226
113,226
110,128
111,176
111,0
115,52
113,52
112,52
113,64
108,192
112,227
116,227
113,192
113,233
113,64
114,128
109,180
109,180
113,180
111,180
115,180
112,180
109,128
110,192
107,203
112,203
112,203
112,203
115,64
115,114
112,64
109,112
114,112
114,112
113,112
115,112
111,112
117,112
111,64
114,110
110,110
111,64
116,64
113,64
115,112
114,112
113,112
116,112
113,112
110,112
112,112
114,64
114,128
110,135
112,135
113,135
113,135
111,64
113,92
113,92
116,0
116,34
114,34
114,34
115,64
114,128
114,179
115,179
116,179
115,179
118,179
120,10
116,10
120,10
121,0
123,51
123,51
121,51
123,64
126,105
129,105
124,105
130,105
133,105
132,249
134,249
132,111
134,111
132,111
132,111
138,192
135,244
136,244
135,244
135,244
137,244
135,32
137,32
137,32
136,32
135,192
136,128
130,180
131,180
132,180
132,180
125,180
126,180
128,180
126,180
124,64
122,119
121,119
122,119
120,119
120,119
119,64
117,64
119,116
123,64
114,123
117,123
115,123
117,123
116,123
117,123
118,123
116,64
118,115
111,115
118,115
116,115
117,115
113,115
114,64
116,113
115,113
116,113
117,113
112,113
117,64
115,116
115,116
113,116
116,116
111,116
117,116
113,116
116,116
115,116
118,116
115,116
114,116
115,128
118,185
117,185
115,64
115,192
113,238
116,238
112,238
117,238
116,238
120,238
114,238
116,128
119,0
118,128
114,155
116,155
115,155
115,155
112,155
111,155
107,128
108,175
107,175
103,175
100,175
105,64
107,76
110,76
121,76
132,76
151,64
174,124
203,124
226,128
233,148
233,148
233,148
233,148
233,192
233,255
233,255
233,255
233,192
233,192
233,231
226,231
203,231
167,231
145,128
120,64
102,120
87,120
70,120
66,64
63,65
56,0
57,56
60,56
61,59
65,59
67,59
78,59
82,59
86,59
93,64
97,92
101,92
107,92
106,64
113,104
110,104
113,104
119,64
118,119
117,192
116,64
117,64
118,128
119,192
119,192
119,64
119,105
117,105
119,105
122,105
118,105
120,105
119,105
121,105
121,105
125,105
123,105
120,105
124,105
122,64
123,107
125,184
124,184
127,184
125,184
126,184
126,64
127,128
131,185
131,185
134,185
136,185
130,185
133,64
132,128
134,179
135,179
135,64
136,124
139,124
138,124
143,128
141,188
149,188
144,128
147,192
145,128
152,0
152,60
152,60
150,60
155,128
154,135
160,135
160,135
160,135
156,135
161,135
165,135
168,128
169,167
165,167
170,167
172,167
168,167
173,167
174,167
174,128
173,173
176,173
177,173
179,173
179,178
180,178
181,178
183,128
182,128
182,177
184,177
180,177
185,192
185,240
185,241
187,241
181,241
181,241
186,241
185,192
185,207
183,207
185,128
185,169
184,169
182,169
178,169
182,192
182,255
180,255
177,192
179,235
178,235
178,235
173,235
173,235
173,235
171,235
167,235
169,235
168,235
166,235
165,235
162,128
164,192
159,228
158,228
158,228
158,174
152,174
151,174
148,174
151,174
147,0
148,128
148,143
145,239
145,32
143,122
144,192
142,203
139,128
139,134
140,245
138,245
133,245
136,245
132,245
136,245
134,128
132,128
131,131
130,130
131,129
128,129
128,127
129,127
126,127
125,64
123,64
123,123
121,123
126,64
127,64
126,127
120,127
124,64
125,124
121,124
122,124
118,124
122,124
119,64
121,119
118,128
121,183
122,64
119,112
118,112
116,112
119,112
118,128
116,174
120,174
118,128
117,183
118,183
121,128
120,192
119,236
120,236
116,236
119,128
119,165
118,64
119,110
117,110
119,110
120,110
113,110
121,0
113,64
117,103
120,103
118,103
116,64
116,113
120,113
115,64
120,128
118,187
116,187
117,187
116,187
120,187
120,187
115,187
117,187
117,187
121,187
116,187
121,249
118,249
116,249
117,249
117,64
116,116
118,116
116,64
114,64
117,113
115,64
117,114
116,114
116,114
122,114
118,114
119,64
115,118
117,64
119,64
116,118
120,64
116,120
118,120
117,120
118,120
117,120
118,64
118,118
117,64
119,116
118,116
118,116
117,116
120,64
118,120
117,120
118,120
121,192
115,0
119,64
114,103
118,103
121,103
119,103
118,103
117,103
118,103
117,103
116,103
117,103
118,103
116,103
116,103
115,103
119,128
119,173
118,173
120,64
118,110
119,110
118,110
118,110
117,110
122,110
117,110
116,128
119,128
118,0
115,128
120,153
117,214
116,214
120,214
119,214
115,113
121,113
119,113
118,113
121,64
118,108
117,108
116,108
119,108
118,108
118,108
116,108
118,108
117,64
115,116
115,116
119,116
112,116
118,116
116,64
120,64
116,64
119,115
117,64
118,116
119,64
116,64
119,115
115,64
118,114
119,114
119,114
121,114
116,114
115,114
115,114
118,114
118,114
117,114
115,114
119,114
115,114
120,114
123,99
118,99
119,99
117,64
114,111
117,0
116,17
115,17
122,164
119,164
120,164
119,164
120,164
122,64
121,79
123,79
122,0
123,64
121,113
121,113
125,113
127,113
125,113
129,0
130,26
127,26
131,0
134,64
135,91
133,91
137,91
139,91
139,91
138,91
138,91
138,128
140,167
140,167
141,167
139,167
140,64
138,64
139,104
139,104
135,104
132,104
137,104
134,104
129,104
129,104
131,104
128,104
126,64
129,125
123,125
123,64
124,64
123,124
123,124
123,64
121,122
121,122
119,122
119,122
118,64
118,118
119,118
118,118
117,64
115,116
117,64
116,116
117,116
120,64
115,64
117,114
118,114
116,114
120,64
115,120
116,120
114,64
115,113
116,113
117,113
116,128
118,134
115,134
115,134
121,134
116,134
114,104
114,64
114,116
117,116
115,128
116,148
115,148
117,192
114,238
113,238
116,128
116,128
116,174
114,174
116,174
114,174
114,174
113,128
118,149
116,149
116,64
117,103
120,103
111,103
112,128
111,156
109,0
107,64
106,96
102,175
103,92
102,92
103,92
106,0
112,64
119,93
138,93
152,93
170,93
197,93
222,93
233,93
233,192
233,255
233,255
233,216
233,216
233,216
233,216
233,216
233,192
233,231
224,192
196,223
168,223
141,223
119,223
100,64
84,99
73,99
65,99
57,99
53,99
55,0
57,54
58,54
65,54
70,54
76,54
83,64
83,82
90,82
95,64
99,94
101,94
103,94
108,128
108,170
111,170
111,170
111,192
114,240
114,26
116,26
119,128
116,186
116,186
113,186
113,186
119,186
114,186
114,192
117,220
117,64
115,128
117,176
120,176
116,176
116,176
121,0
120,33
118,128
117,183
119,183
121,183
124,183
120,0
123,14
125,14
119,185
127,185
123,185
127,185
127,185
130,185
130,192
125,195
129,0
132,128
132,130
134,240
136,64
137,116
136,116
134,116
138,116
141,116
139,116
144,116
146,116
145,116
141,116
145,116
153,116
149,128
148,149
155,128
154,154
158,154
158,128
159,158
160,158
162,128
167,161
165,161
162,161
167,161
169,128
170,168
168,168
173,128
173,172
177,172
172,172
173,172
174,0
174,128
174,163
171,128
176,179
178,179
177,179
182,179
179,179
181,192
179,192
180,202
179,202
181,202
179,235
179,235
178,235
177,128
178,163
181,163
175,192
176,0
177,57
176,57
173,57
167,57
172,57
165,57
171,57
168,128
168,192
163,229
161,229
163,128
161,192
159,251
159,251
162,251
157,251
156,251
155,251
155,192
150,218
145,218
147,218
148,218
143,0
143,64
141,192
144,210
141,210
140,210
138,210
136,210
135,210
131,128
128,131
132,131
131,131
132,130
131,130
130,130
124,130
125,64
125,124
129,124
126,124
124,124
121,124
119,124
122,124
117,124
118,124
118,124
121,64
116,120
112,120
117,120
114,120
115,120
115,64
114,0
116,64
111,128
112,176
114,0
112,12
110,12
114,232
114,232
112,232
108,232
113,0
108,14
112,128
109,169
109,169
110,169
110,169
109,169
112,169
110,169
112,169
111,169
109,169
108,192
107,239
110,64
109,80
105,80
109,80
108,80
113,80
106,80
107,80
112,80
112,192
108,216
108,216
111,216
105,216
106,216
109,216
112,216
108,216
109,216
111,216
113,192
108,0
109,7
113,128
106,180
111,180
107,180
109,192
108,0
107,7
107,128
109,64
111,108
109,64
109,64
110,108
107,64
110,107
110,107
114,107
108,107
108,64
110,107
110,107
108,107
108,107
110,64
107,109
108,109
109,109
110,109
107,109
105,109
105,64
106,104
106,104
108,104
106,104
107,104
107,104
108,128
111,137
110,137
108,64
107,101
107,0
109,6
109,6
107,6
108,83
104,83
109,83
110,83
108,64
112,99
106,99
109,0
108,48
108,48
108,48
108,11
110,128
111,128
108,150
110,150
107,150
109,150
106,7
110,7
112,7
108,7
104,7
107,7
110,187
109,187
108,187
110,192
109,0
110,7
110,92
111,92
108,92
109,92
107,92
107,92
111,92
108,128
109,187
108,187
107,187
108,187
110,187
109,64
104,109
107,64
111,106
107,106
104,64
111,103
109,103
107,108
107,108
110,108
106,108
110,108
108,64
108,64
108,107
107,107
109,64
106,108
104,64
109,103
109,103
108,103
108,103
107,64
109,64
107,108
106,108
107,108
111,108
104,108
108,108
104,108
107,108
107,108
104,0
108,8
107,8
104,8
110,0
111,128
111,128
109,182
109,182
112,128
113,64
112,101
108,101
111,101
112,101
109,101
114,192
118,230
116,230
118,192
117,224
117,64
119,128
118,175
119,175
124,175
125,182
122,182
127,128
126,163
127,163
128,163
130,163
129,163
132,76
130,128
131,186
128,186
134,186
131,186
131,186
126,186
127,186
130,186
127,186
122,64
127,108
123,64
125,122
121,122
121,64
121,120
116,64
115,64
116,115
117,115
112,115
110,115
114,115
111,64
110,111
107,111
109,111
109,111
111,111
107,64
112,106
107,106
107,106
111,106
108,106
106,106
107,64
110,106
110,64
105,109
107,0
107,13
105,13
107,13
107,0
109,43
109,156
106,201
106,201
108,201
106,201
108,0
107,128
105,137
105,0
110,12
106,91
110,128
106,0
107,26
111,26
105,26
103,26
109,26
105,64
107,0
106,49
107,49
105,49
106,49
108,128
105,177
105,0
106,31
104,123
106,123
107,123
105,123
105,123
105,126
103,96
104,111
103,111
98,111
97,111
94,111
94,111
97,64
98,192
99,231
113,231
128,231
143,231
168,148
190,148
215,148
233,148
233,192
233,232
233,192
233,231
233,231
233,231
233,231
233,231
233,231
233,231
218,192
189,217
162,217
134,217
114,217
91,217
78,217
67,217
56,0
50,0
48,49
41,49
49,49
51,0
56,50
63,0
67,64
70,66
78,69
83,69
88,69
92,64
98,92
96,92
101,92
105,92
101,64
106,91
105,91
106,0
106,44
108,44
112,44
106,64
107,93
107,93
113,93
109,93
110,128
109,0
108,64
110,91
116,128
114,129
110,64
113,119
111,0
109,12
115,12
116,128
116,160
114,160
115,160
117,160
117,160
116,160
115,128
119,183
121,183
117,183
122,238
122,64
124,102
125,102
123,102
122,102
125,102
129,102
127,102
128,102
127,102
135,102
134,102
135,192
137,64
137,83
137,83
139,83
139,128
147,138
144,138
143,138
146,128
145,145
151,128
148,151
152,151
154,151
155,151
155,151
156,154
158,154
158,154
159,154
164,128
162,164
162,164
164,164
168,164
168,164
169,167
168,167
171,167
169,167
171,128
174,169
174,169
171,169
172,169
174,169
178,169
171,128
176,192
172,247
174,247
174,247
174,247
174,247
175,128
173,156
171,156
175,64
174,92
174,92
169,0
172,38
171,38
167,38
168,196
167,196
170,171
169,171
161,128
168,149
160,149
163,149
162,149
156,149
158,149
156,149
156,149
154,192
154,205
151,42
149,192
150,0
148,19
147,19
143,208
141,0
140,26
139,26
140,26
139,26
136,26
138,26
136,26
133,26
130,26
134,26
129,64
129,109
127,109
125,109
123,64
126,122
122,122
129,122
120,122
119,122
122,122
123,122
119,122
120,122
115,64
116,64
115,115
113,64
116,112
111,64
113,110
114,110
113,64
115,112
114,112
115,64
114,115
115,64
112,64
113,112
113,112
112,112
111,111
111,111
110,111
112,111
111,111
110,192
109,236
108,64
112,128
111,168
109,168
112,168
109,168
108,64
112,109
109,109
109,138
110,0
112,64
110,128
108,128
111,0
109,10
114,10
110,10
106,10
111,128
114,162
113,0
114,9
108,128
112,176
109,176
110,176
108,176
109,176
109,12
112,128
112,175
111,175
108,175
110,175
109,175
112,175
113,175
112,128
109,185
105,185
107,185
113,185
110,185
109,64
114,192
113,0
111,5
110,5
110,169
111,169
114,169
111,169
112,169
113,169
108,64
112,64
110,111
106,111
107,105
109,64
112,108
111,64
111,64
115,110
108,110
111,110
111,110
110,110
111,109
108,109
114,109
110,64
115,64
111,114
113,114
111,114
111,114
110,114
111,114
112,114
110,114
111,0
110,42
116,42
111,42
114,174
111,64
112,104
109,104
111,104
112,104
115,104
112,104
114,104
113,104
115,104
111,104
116,104
111,104
110,0
109,9
116,9
113,9
111,9
114,64
113,108
116,108
109,108
111,108
111,108
108,108
114,108
111,192
113,0
117,5
111,5
111,5
112,5
114,5
111,5
111,64
114,123
113,123
108,192
110,233
115,233
113,233
111,233
112,0
112,13
114,192
110,64
111,109
113,64
112,112
114,112
110,112
113,112
115,112
114,112
113,113
112,113
111,64
113,111
115,111
113,64
111,64
112,111
113,111
112,64
114,112
114,112
115,112
116,112
115,112
111,112
112,112
113,112
113,112
111,64
113,111
113,111
113,111
114,64
117,90
115,128
120,192
116,0
115,14
116,98
118,98
118,0
122,64
117,192
122,64
121,91
119,128
124,169
126,169
123,169
126,192
124,0
126,52
131,52
130,52
129,52
133,52
132,52
133,52
136,52
133,52
135,52
137,52
139,64
139,120
136,120
139,0
135,26
139,192
133,0
137,15
133,15
137,15
133,15
129,15
129,123
130,123
130,123
126,123
126,192
126,205
124,205
120,205
120,119
121,64
122,64
122,121
120,121
119,64
119,119
116,64
116,115
115,115
114,115
117,115
116,64
117,64
116,116
116,64
116,115
115,64
116,115
114,64
116,64
116,115
114,64
115,64
114,114
114,114
113,114
117,64
117,116
116,116
119,64
115,119
121,119
115,177
116,177
114,177
116,177
117,177
115,177
119,177
116,0
116,17
114,192
116,0
115,13
114,92
114,128
121,147
115,147
113,147
114,147
115,64
117,94
117,128
117,168
114,168
116,108
113,108
113,108
112,128
110,128
113,180
111,180
109,180
106,180
105,180
99,128
105,142
106,142
113,13
122,128
133,128
150,151
174,128
201,159
228,159
233,94
233,192
233,255
233,255
233,255
233,255
233,255
233,255
233,192
233,255
233,192
224,232
197,192
172,196
144,171
121,171
104,64
86,103
76,103
66,75
59,75
57,0
57,56
60,56
60,56
66,56
71,56
78,64
80,77
90,77
94,77
95,77
104,77
109,77
110,64
113,64
113,64
111,112
112,112
117,112
116,112
116,112
118,0
119,12
116,12
118,12
122,64
117,103
121,103
119,103
121,103
122,103
122,103
122,103
119,103
123,103
120,103
123,103
123,103
124,103
124,103
122,128
122,169
127,169
126,169
128,169
127,169
125,169
130,169
128,169
130,169
129,169
134,192
130,195
132,195
134,195
133,195
137,195
140,64
137,110
140,128
135,181
141,181
142,181
142,0
147,31
146,125
147,125
148,125
146,125
149,125
155,128
150,154
154,154
156,154
162,128
161,161
160,160
165,160
162,160
167,161
164,161
170,161
168,161
168,161
171,128
173,170
173,128
176,172
175,172
178,128
179,177
179,177
179,178
181,178
182,128
186,181
184,181
185,181
190,181
185,64
185,77
186,77
183,0
184,48
184,48
186,48
185,48
185,128
187,192
186,255
183,66
182,66
185,66
184,64
178,71
180,192
180,0
181,128
180,155
178,155
177,155
175,128
173,167
172,167
172,167
171,167
166,167
167,0
167,128
165,150
164,150
164,150
159,128
157,162
158,162
159,42
159,42
156,42
151,42
152,42
151,144
150,64
149,75
145,75
146,192
145,196
145,128
141,138
140,138
135,138
138,101
137,128
135,189
136,189
135,189
130,189
134,189
131,189
132,189
128,128
130,127
129,127
129,127
128,127
127,127
124,64
123,124
124,124
125,124
123,64
125,64
123,64
122,64
122,122
123,122
123,122
126,64
120,126
121,64
122,64
121,121
120,121
118,121
119,121
118,121
117,121
118,192
118,0
121,10
121,10
118,10
119,0
116,28
118,124
120,124
121,124
118,124
121,128
116,160
116,160
120,110
122,0
120,64
118,128
114,168
115,0
119,13
118,110
116,110
119,110
119,128
120,128
119,188
121,188
118,128
118,172
120,172
116,64
124,119
119,0
119,16
119,99
122,99
120,99
115,99
121,99
118,0
118,10
116,10
119,10
117,10
118,10
118,192
122,240
122,39
118,64
118,117
118,117
120,64
118,120
117,120
120,64
117,120
118,116
115,116
120,64
122,120
120,120
121,120
117,120
119,120
116,120
118,120
120,120
118,120
115,64
116,64
115,115
119,115
122,64
121,121
114,121
121,121
120,64
115,119
118,119
120,119
119,119
116,192
119,243
114,64
118,97
120,97
118,97
117,97
120,97
120,97
121,64
120,68
120,68
119,68
118,64
118,109
118,109
116,109
116,128
117,145
118,145
121,16
118,16
120,16
120,16
117,24
119,24
117,24
120,19
119,19
116,169
118,169
121,169
117,169
119,169
119,169
116,169
119,171
115,171
117,128
120,164
118,164
117,64
119,103
118,128
118,135
119,135
116,192
118,229
117,64
115,100
116,100
121,100
118,64
115,112
115,112
117,112
121,112
117,112
120,116
118,116
118,116
115,64
119,64
117,64
119,116
116,116
118,116
118,64
117,118
118,118
117,118
116,64
121,64
119,64
116,119
119,119
116,119
115,64
120,64
114,120
119,120
117,64
117,64
119,116
119,116
117,116
120,116
119,116
117,116
119,116
122,116
123,116
122,116
119,116
123,116
124,116
125,116
126,0
126,31
126,162
126,0
125,14
130,14
131,128
133,142
130,142
135,142
139,0
136,19
136,19
138,128
142,153
137,153
140,153
138,153
139,64
140,121
142,121
143,121
140,121
138,121
143,0
136,26
135,26
132,128
137,167
135,167
137,167
128,243
133,243
129,128
129,187
123,187
128,187
126,187
124,0
124,8
121,8
120,64
120,120
116,119
121,119
121,119
117,119
119,119
117,119
118,119
116,119
115,119
119,64
117,64
120,117
117,64
115,64
119,115
117,115
118,115
118,115
115,115
116,115
116,64
113,115
115,115
118,115
116,115
113,115
113,64
119,125
116,128
115,128
115,170
113,170
118,154
115,0
118,7
116,108
118,108
116,64
117,80
117,128
117,183
116,183
115,128
119,183
114,183
115,183
115,183
116,183
115,183
116,183
115,183
112,183
115,183
112,192
110,222
113,222
112,192
110,220
108,18
101,18
100,18
106,18
100,18
106,18
109,64
120,92
133,92
153,92
174,92
198,92
224,192
233,255
233,255
233,255
233,255
233,255
233,255
233,255
233,255
233,64
233,106
233,106
223,106
196,106
167,106
141,106
120,106
99,106
83,106
71,106
64,106
57,106
54,106
55,53
56,53
59,53
64,53
70,53
74,64
80,73
84,73
89,64
97,88
100,88
104,64
106,103
108,64
111,64
113,110
114,128
113,128
117,165
115,165
116,165
116,165
116,165
114,165
117,165
122,165
116,165
117,165
116,165
116,165
120,165
116,165
117,165
115,64
117,107
115,0
120,28
125,28
119,176
117,176
123,176
120,176
124,176
122,176
122,128
123,128
126,185
125,185
125,192
126,246
125,246
129,246
126,183
129,183
132,183
132,183
134,183
134,183
137,183
138,183
138,183
140,22
141,22
140,128
139,140
144,140
145,128
148,144
145,147
146,147
150,147
151,149
149,149
154,149
151,128
154,151
160,151
162,151
158,128
161,158
163,158
167,158
164,128
165,128
170,128
168,169
171,169
168,169
171,169
169,128
171,168
176,168
175,168
175,168
175,168
177,168
178,168
180,168
173,192
177,249
179,249
179,192
180,237
180,237
179,237
178,237
178,237
181,128
177,160
178,238
178,238
180,128
175,177
177,0
177,59
174,59
172,59
171,59
170,59
172,59
169,59
168,64
164,118
163,192
168,212
162,128
160,147
163,128
159,189
159,189
156,192
154,246
153,246
149,192
150,213
150,213
151,213
147,213
141,0
144,35
148,35
143,35
138,0
140,22
136,192
134,203
134,203
134,203
129,192
129,0
131,14
129,14
129,14
125,14
128,14
123,192
128,245
121,245
121,245
123,245
125,245
122,64
121,121
120,121
117,121
118,121
116,121
115,121
118,121
114,121
117,64
113,64
116,112
114,115
117,115
115,64
116,114
112,64
113,112
111,112
112,112
112,112
111,112
110,112
109,64
107,108
110,108
113,108
108,0
108,10
114,10
110,10
111,10
112,10
112,10
108,10
110,64
107,95
115,0
107,20
108,87
108,87
107,87
113,64
115,100
109,100
107,100
106,100
109,100
109,100
108,100
110,100
110,128
110,135
109,135
107,104
111,104
110,104
111,104
111,128
107,159
107,159
108,99
107,99
111,99
110,99
111,128
110,0
110,8
112,8
110,8
109,0
112,12
109,111
109,111
107,111
110,111
111,64
109,110
112,110
105,110
109,110
109,108
108,108
113,108
109,108
108,108
109,108
105,64
107,104
111,104
108,64
107,64
111,64
111,111
110,111
108,111
108,111
107,64
107,64
107,106
107,106
107,128
106,0
109,15
109,103
112,103
107,103
109,103
109,128
108,168
110,168
110,168
109,168
108,168
108,168
106,168
107,199
107,199
106,199
109,199
111,0
107,55
109,128
106,185
108,185
107,185
109,0
107,64
110,128
108,172
107,172
106,172
109,172
110,172
109,172
112,172
111,128
107,0
107,13
109,129
106,238
110,64
109,93
108,93
109,0
111,15
108,192
108,226
111,226
110,226
107,226
108,226
108,226
108,192
105,237
105,64
106,80
106,80
106,80
109,80
107,80
108,80
105,80
107,80
109,80
109,80
106,80
108,80
112,107
108,107
106,107
107,107
108,107
107,64
107,107
105,64
106,104
107,104
107,104
106,104
107,104
108,104
109,104
107,104
108,104
107,128
109,0
109,13
110,13
109,13
109,13
108,13
109,192
111,200
108,200
108,192
110,232
111,64
109,128
111,128
112,166
109,166
113,166
114,64
115,108
119,108
115,108
117,108
114,64
120,103
121,103
122,103
126,103
127,103
126,103
126,103
130,103
128,103
127,64
126,87
129,87
131,87
134,87
130,87
128,0
127,23
130,192
125,128
129,147
128,147
127,147
124,147
125,147
123,128
120,187
124,187
119,187
120,187
112,187
119,187
118,187
114,64
114,113
114,113
111,113
112,64
109,111
109,111
112,64
111,111
107,64
107,106
107,106
109,106
106,106
108,106
109,106
107,106
109,106
107,106
107,106
105,106
109,64
105,108
108,64
107,64
105,106
106,106
109,106
107,106
105,106
107,106
107,106
113,64
107,0
106,31
110,31
103,31
107,31
111,94
107,94
103,94
106,128
110,163
107,163
105,15
105,192
106,206
107,49
109,49
109,49
108,49
104,49
104,49
108,49
104,0
106,64
107,108
104,108
104,108
105,108
105,108
104,108
102,14
99,14
95,14
93,14
93,14
95,128
97,0
98,11
110,11
128,11
144,11
163,11
195,192
218,231
233,231
233,192
233,255
233,128
233,190
233,192
233,255
233,108
233,192
233,255
233,255
218,255
185,255
157,128
136,156
111,156
89,110
78,110
69,64
58,0
49,57
47,57
48,57
50,57
51,57
56,0
62,55
68,55
72,55
78,55
86,55
90,64
93,89
99,89
98,98
104,98
104,64
111,103
103,103
105,64
108,95
108,0
112,10
107,10
110,128
111,167
110,167
107,192
112,207
112,207
111,128
111,128
111,174
111,174
112,174
111,174
110,174
110,64
111,121
113,121
113,121
114,121
115,121
114,121
118,64
116,115
116,115
118,115
115,128
117,168
122,0
117,64
123,192
125,0
122,64
124,99
127,99
125,0
129,30
127,119
128,119
129,119
132,119
135,192
133,208
132,208
134,208
138,128
142,163
141,128
141,140
144,140
144,140
145,140
145,144
151,128
145,151
152,143
151,128
153,151
158,151
155,151
156,151
159,151
161,151
160,151
159,159
162,159
167,128
166,166
168,166
167,166
167,128
173,166
170,166
170,128
174,169
171,169
172,128
174,172
174,172
175,172
179,172
175,172
170,172
176,172
175,172
175,0
175,49
174,49
174,49
175,49
172,49
171,49
178,0
170,49
171,49
167,49
169,64
166,68
166,192
168,64
166,110
165,110
160,110
165,0
158,49
162,49
160,49
158,49
154,49
155,49
152,49
152,49
150,49
145,49
150,49
146,49
144,49
143,49
143,49
139,192
135,195
139,181
138,128
136,135
133,0
134,26
130,26
129,26
129,26
131,26
127,26
126,128
130,127
126,129
125,129
123,129
122,129
118,129
123,117
121,64
119,120
119,120
120,64
115,120
116,64
114,115
120,64
117,64
111,64
112,64
114,111
113,111
111,111
117,64
114,116
114,116
111,116
114,116
111,116
111,116
113,116
108,64
114,128
111,176
113,0
109,64
109,104
108,0
111,64
110,91
109,171
108,171
108,128
110,192
109,0
109,8
113,8
110,8
112,8
109,8
110,8
110,176
106,16
112,96
109,96
111,96
108,96
109,96
108,96
112,64
110,99
110,128
112,0
112,16
111,108
107,0
108,17
108,128
111,164
110,164
107,64
109,99
107,99
110,0
107,64
111,127
111,0
114,15
112,15
109,128
112,134
107,8
108,8
111,8
106,64
110,105
108,105
110,64
108,109
111,109
110,109
113,109
110,109
109,64
110,108
108,108
111,108
112,108
115,108
109,108
110,108
109,64
111,108
111,64
110,64
113,109
109,64
112,64
112,111
111,111
110,111
115,111
109,64
111,108
109,108
114,108
113,64
110,97
112,97
111,97
110,97
112,97
112,97
111,97
111,97
112,97
111,97
111,64
110,106
114,0
109,33
112,128
111,156
115,189
109,189
110,189
109,189
112,189
109,189
110,189
107,189
112,189
110,189
109,189
114,0
109,64
113,100
110,100
115,0
113,57
110,192
110,222
113,222
111,222
111,222
114,222
110,14
112,14
114,14
113,14
112,14
111,14
109,0
110,8
113,8
112,8
112,8
114,8
110,64
112,110
112,111
111,111
115,111
114,111
113,64
116,112
109,112
112,112
113,112
111,64
113,111
110,112
114,112
114,112
113,112
109,112
111,112
114,112
113,112
107,112
115,112
113,0
111,64
115,192
112,207
112,96
114,128
117,136
116,136
114,136
114,136
115,172
111,172
115,19
113,110
115,0
115,23
117,128
116,171
111,171
118,171
119,128
120,178
119,178
124,178
122,192
123,201
125,64
125,102
124,128
122,185
127,185
130,185
129,185
133,185
132,185
136,185
133,0
136,35
136,35
139,35
133,35
136,35
138,35
140,35
137,35
135,35
137,35
137,35
134,35
134,35
135,35
135,35
132,140
130,140
128,17
128,128
126,127
126,125
122,125
126,125
120,125
120,125
121,125
124,125
118,125
117,64
117,64
120,64
111,120
115,120
121,120
117,120
113,120
115,120
115,120
117,120
118,120
116,64
114,115
116,115
113,115
113,115
111,115
112,128
113,179
112,179
115,179
112,192
109,228
113,228
114,128
114,172
118,172
114,172
116,172
115,172
115,172
113,172
115,172
113,172
115,172
114,172
113,172
117,172
116,172
114,192
115,0
115,11
113,128
115,177
114,177
113,177
112,192
114,0
116,14
114,128
120,180
117,180
117,180
116,192
117,0
111,12
106,99
108,99
108,0
105,17
104,17
105,176
103,0
107,128
109,148
119,148
138,148
153,192
173,197
199,197
226,197
233,197
233,197
233,197
233,197
233,192
233,232
233,232
233,232
233,232
233,232
233,232
227,232
197,232
172,232
144,232
123,64
101,64
82,64
74,81
66,81
60,81
57,81
55,0
56,55
62,0
66,64
69,65
78,64
80,78
86,78
96,0
99,64
101,89
105,0
108,7
105,7
111,169
114,169
114,169
116,192
119,236
116,236
115,236
118,128
117,186
118,186
118,186
123,186
115,186
119,128
120,158
118,216
122,216
122,108
121,108
121,108
121,108
122,192
122,245
122,245
124,245
125,128
122,172
123,172
122,172
128,64
127,120
128,120
125,120
132,120
128,120
131,115
133,128
130,158
132,128
134,131
140,0
136,16
140,122
140,122
140,122
138,122
143,128
139,142
147,142
145,128
141,144
147,144
150,146
149,146
153,146
151,146
151,146
155,128
157,155
157,156
162,156
159,128
163,159
164,159
162,159
164,128
167,163
173,163
171,128
168,170
166,170
175,170
174,170
178,170
175,170
178,128
180,128
179,179
180,192
181,64
183,73
182,73
185,64
183,128
181,147
188,192
183,251
184,72
185,192
185,248
184,64
185,112
184,112
185,112
179,112
187,112
183,112
184,219
179,219
180,219
179,219
183,219
178,192
180,243
176,243
175,76
175,76
176,76
169,128
169,149
167,149
167,149
166,149
164,149
164,149
160,149
161,149
164,149
161,64
159,75
155,171
153,171
152,128
153,134
154,134
152,199
151,199
147,199
147,246
145,246
144,192
147,128
139,128
141,139
142,139
136,139
137,139
136,128
135,128
132,128
135,131
134,128
133,133
130,133
131,133
128,133
129,133
133,133
128,133
125,133
127,64
123,127
123,127
123,127
124,127
126,123
125,123
124,64
121,64
122,120
123,0
121,64
121,87
122,128
120,186
121,186
124,186
120,128
123,142
121,128
117,192
118,224
118,64
118,128
119,176
121,176
122,176
120,143
118,143
115,143
119,128
119,174
119,174
123,64
121,192
120,230
117,230
118,128
118,179
117,0
119,44
119,44
116,0
121,12
119,128
115,188
118,118
119,118
120,118
118,0
120,15
119,128
116,64
116,116
120,116
121,116
119,116
121,64
120,104
120,104
117,104
122,104
119,104
118,104
117,104
119,64
115,118
120,118
116,118
119,118
117,118
118,64
117,118
118,118
122,118
121,118
119,118
118,118
120,64
120,120
117,120
118,64
115,117
120,117
122,117
118,117
114,117
119,117
116,117
117,117
119,117
119,117
117,64
117,128
118,128
117,0
116,10
118,128
119,188
118,188
115,188
120,128
113,0
117,64
117,110
118,110
119,64
120,128
117,64
119,64
118,72
115,128
122,190
115,190
119,190
119,190
119,0
117,128
120,154
115,154
118,64
117,128
117,128
119,147
120,147
117,192
120,225
118,225
116,106
113,128
111,129
114,129
114,128
109,173
110,64
113,98
112,98
113,64
111,128
114,172
114,152
113,64
115,104
114,104
111,104
114,104
111,104
115,104
113,64
113,64
112,113
115,64
113,115
112,115
112,115
114,115
114,64
114,113
114,113
117,113
112,113
112,113
112,113
115,113
116,113
113,113
112,113
112,113
115,113
115,113
115,113
112,113
114,113
114,113
114,64
115,64
114,64
115,113
114,128
114,153
115,20
111,20
113,236
113,15
113,89
114,89
117,0
113,11
117,11
112,11
115,11
116,11
117,128
118,161
119,64
117,108
117,108
121,64
119,86
118,86
119,86
121,86
124,86
125,86
127,64
126,76
128,76
130,220
129,64
132,128
131,128
133,149
133,149
133,149
137,149
136,64
137,123
138,123
138,0
139,31
137,192
137,243
137,243
133,243
133,128
133,185
133,185
134,185
131,0
131,31
133,31
129,31
130,175
125,175
126,175
123,64
123,64
125,123
119,123
122,64
121,121
119,121
117,64
119,116
117,116
118,116
117,116
120,116
116,64
115,64
117,114
117,116
119,116
118,116
117,116
119,116
113,116
114,116
114,116
115,116
113,116
117,192
115,223
113,223
114,72
116,192
117,203
119,203
121,203
116,203
114,203
112,203
116,203
114,203
115,203
115,203
116,128
118,177
116,64
116,192
114,0
113,64
115,82
116,82
119,0
116,64
118,128
115,181
114,181
114,181
115,181
120,181
114,181
118,128
114,176
117,64
116,99
114,128
113,132
111,132
111,128
107,164
104,17
102,101
103,101
107,101
107,101
112,101
122,101
138,101
154,192
175,64
203,90
228,90
233,90
233,255
233,192
233,232
233,232
233,192
233,232
233,192
233,192
233,232
233,192
228,232
198,232
171,232
145,232
123,232
105,64
87,104
76,104
62,104
60,104
55,104
54,104
57,104
61,0
68,60
69,60
77,60
82,60
87,81
95,64
99,94
105,94
105,94
107,64
111,94
113,128
115,132
114,132
117,132
118,0
123,9
122,9
117,9
118,9
116,9
118,9
120,9
122,9
119,9
119,9
116,9
120,9
119,192
120,0
120,15
122,128
119,176
120,0
127,12
121,12
122,12
128,12
131,12
124,12
126,0
128,16
131,119
127,64
129,118
132,118
132,192
131,212
132,212
131,192
134,194
135,194
137,60
136,60
139,60
141,60
141,119
142,119
143,119
144,119
144,119
147,119
148,119
153,119
153,119
153,128
152,152
152,151
158,151
158,151
159,151
157,151
163,128
164,162
162,128
164,161
167,161
168,161
169,128
170,168
171,168
173,168
177,168
170,168
176,128
178,176
179,176
178,176
177,176
181,192
185,64
179,72
185,72
183,0
184,128
182,163
184,163
187,163
186,163
189,163
188,163
186,163
188,192
186,247
186,247
184,128
184,184
182,184
185,63
180,192
183,244
181,64
182,79
181,186
182,186
179,186
173,192
175,230
172,64
172,128
175,174
172,174
168,174
166,174
167,174
163,64
163,128
164,170
164,170
161,128
155,147
158,192
156,200
156,200
157,150
148,150
150,64
151,107
145,211
150,211
147,211
146,211
142,211
144,211
143,143
141,128
139,140
138,128
135,137
136,137
135,137
135,137
135,137
130,137
131,137
134,137
129,137
128,128
129,128
130,128
127,128
129,128
128,128
127,127
126,127
129,128
124,128
120,128
127,119
122,119
123,64
125,0
119,21
119,21
118,21
120,21
122,21
122,21
121,21
118,21
116,21
120,21
119,21
121,21
121,21
120,21
121,21
120,21
120,21
118,21
119,21
119,192
120,230
118,64
120,128
118,179
118,179
120,64
115,192
116,243
116,18
114,128
117,128
120,0
118,12
119,12
120,12
121,12
118,12
121,128
118,0
117,14
117,192
115,222
117,64
118,90
120,128
121,158
116,64
119,115
116,115
119,115
118,128
115,180
120,180
117,180
117,180
116,231
117,231
119,231
118,64
119,118
119,64
121,64
117,64
115,64
120,64
117,120
120,64
119,120
118,120
119,117
122,64
122,122
118,122
118,64
120,117
116,117
119,117
118,64
119,118
116,64
115,115
114,114
116,114
117,114
117,114
122,114
120,114
116,0
119,35
117,35
117,35
118,190
119,190
117,190
120,190
116,190
118,54
123,54
118,54
121,54
118,128
119,175
118,175
117,11
116,11
119,11
116,64
119,102
120,102
118,102
117,102
119,102
117,204
119,204
114,204
117,64
114,0
115,62
120,62
119,62
116,62
115,62
112,64
116,113
122,128
118,128
116,0
118,64
114,109
117,109
118,109
117,109
119,128
118,133
119,128
116,152
119,64
120,118
115,118
116,64
120,115
117,115
120,115
116,64
120,115
117,64
118,64
120,64
116,120
115,120
116,120
118,64
114,64
118,113
116,113
119,64
112,118
116,118
114,118
115,64
117,114
117,114
117,114
117,64
117,64
115,117
118,117
118,117
118,0
118,21
118,21
121,21
117,0
117,35
116,35
115,35
115,35
116,35
118,35
119,35
119,35
117,35
121,35
121,35
120,35
120,35
123,0
123,16
120,16
124,16
125,128
124,128
127,184
125,184
131,184
132,184
130,184
133,184
128,184
132,184
135,184
134,184
138,192
141,239
136,239
137,239
139,239
142,239
137,128
140,151
142,151
135,151
136,151
137,128
136,179
137,179
135,179
130,179
134,179
131,128
133,163
128,163
127,64
128,111
128,111
126,111
121,64
124,120
120,64
122,120
118,120
121,120
118,120
116,64
120,115
118,64
116,118
120,118
116,118
117,64
117,116
